-- phpMyAdmin SQL Dump
-- version 5.1.1
-- https://www.phpmyadmin.net/
--
-- Host: localhost:8889
-- Generation Time: Nov 23, 2021 at 06:22 AM
-- Server version: 5.7.34
-- PHP Version: 7.4.21

SET SQL_MODE = "NO_AUTO_VALUE_ON_ZERO";
START TRANSACTION;
SET time_zone = "+00:00";


/*!40101 SET @OLD_CHARACTER_SET_CLIENT=@@CHARACTER_SET_CLIENT */;
/*!40101 SET @OLD_CHARACTER_SET_RESULTS=@@CHARACTER_SET_RESULTS */;
/*!40101 SET @OLD_COLLATION_CONNECTION=@@COLLATION_CONNECTION */;
/*!40101 SET NAMES utf8mb4 */;

--
-- Database: `arbitrage`
--

-- --------------------------------------------------------

--
-- Table structure for table `coins`
--

CREATE TABLE `coins` (
  `id` int(11) NOT NULL,
  `coin` varchar(60) NOT NULL,
  `slug` varchar(30) NOT NULL,
  `address` varchar(50) NOT NULL,
  `created_on` datetime NOT NULL,
  `updated` datetime NOT NULL
) ENGINE=InnoDB DEFAULT CHARSET=utf8;

--
-- Dumping data for table `coins`
--

INSERT INTO `coins` (`id`, `coin`, `slug`, `address`, `created_on`, `updated`) VALUES
(1, 'wbnb', 'binancecoin', '0xbb4CdB9CBd36B01bD1cBaEBF2De08d9173bc095c', '2021-10-06 06:26:44', '2021-10-06 06:26:44'),
(2, 'usdt', 'tether', '0x55d398326f99059fF775485246999027B3197955', '2021-10-06 06:26:44', '2021-10-06 06:26:44'),
(3, 'busd', 'binance-usd', '0xe9e7CEA3DedcA5984780Bafc599bD69ADd087D56', '2021-10-06 06:26:44', '2021-10-06 06:26:44'),
(4, 'eth', 'ethereum', '0x2170ed0880ac9a755fd29b2688956bd959f933f8', '2021-10-06 06:26:44', '2021-10-06 06:26:44'),
(5, 'btcb', 'bitcoin', '0x7130d2a12b9bcbfae4f2634d864a1ee1ce3ead9c', '2021-10-25 07:43:37', '2021-10-25 07:43:37'),
(6, 'cake', 'pancakeswap-token', '0x0e09fabb73bd3ade0a17ecc321fd13a19e81ce82', '2021-11-03 05:48:34', '2021-11-03 05:48:34'),
(7, 'usdc', 'usd-coin', '0x8ac76a51cc950d9822d68b83fe1ad97b32cd580d', '2021-11-03 05:52:05', '2021-11-03 05:52:05');

-- --------------------------------------------------------

--
-- Table structure for table `compare_mapping`
--

CREATE TABLE `compare_mapping` (
  `id` int(11) NOT NULL,
  `pair_dex_one` int(11) NOT NULL,
  `pair_dex_two` int(11) NOT NULL,
  `created_on` timestamp NOT NULL DEFAULT CURRENT_TIMESTAMP,
  `updated` timestamp NOT NULL DEFAULT CURRENT_TIMESTAMP ON UPDATE CURRENT_TIMESTAMP
) ENGINE=InnoDB DEFAULT CHARSET=utf8;

--
-- Dumping data for table `compare_mapping`
--

INSERT INTO `compare_mapping` (`id`, `pair_dex_one`, `pair_dex_two`, `created_on`, `updated`) VALUES
(1, 1, 4, '2021-11-05 01:01:52', '2021-11-05 01:01:52'),
(2, 1, 13, '2021-11-05 01:01:52', '2021-11-05 01:01:52'),
(3, 1, 14, '2021-11-05 01:01:52', '2021-11-05 01:01:52'),
(4, 1, 16, '2021-11-05 01:01:52', '2021-11-05 01:01:52'),
(5, 4, 13, '2021-11-05 01:01:52', '2021-11-05 01:01:52'),
(6, 4, 14, '2021-11-05 01:01:52', '2021-11-05 01:01:52'),
(7, 4, 16, '2021-11-05 01:01:52', '2021-11-05 01:01:52'),
(8, 13, 14, '2021-11-05 01:01:52', '2021-11-05 01:01:52'),
(9, 13, 16, '2021-11-05 01:01:52', '2021-11-05 01:01:52'),
(10, 14, 16, '2021-11-05 01:01:52', '2021-11-05 01:01:52'),
(11, 2, 5, '2021-11-05 01:01:52', '2021-11-05 01:01:52'),
(12, 2, 15, '2021-11-05 01:01:52', '2021-11-05 01:01:52'),
(13, 2, 24, '2021-11-05 01:01:52', '2021-11-05 01:01:52'),
(14, 5, 15, '2021-11-05 01:01:52', '2021-11-05 01:01:52'),
(15, 5, 24, '2021-11-05 01:01:52', '2021-11-05 01:01:52'),
(16, 15, 24, '2021-11-05 01:01:52', '2021-11-05 01:01:52'),
(17, 3, 6, '2021-11-05 01:01:52', '2021-11-05 01:01:52'),
(18, 3, 32, '2021-11-05 01:01:52', '2021-11-05 01:01:52'),
(19, 3, 30, '2021-11-05 01:01:52', '2021-11-05 01:01:52'),
(20, 3, 25, '2021-11-05 01:01:52', '2021-11-05 01:01:52'),
(21, 6, 32, '2021-11-05 01:01:52', '2021-11-05 01:01:52'),
(22, 6, 30, '2021-11-05 01:01:52', '2021-11-05 01:01:52'),
(23, 6, 25, '2021-11-05 01:01:52', '2021-11-05 01:01:52'),
(24, 32, 30, '2021-11-05 01:01:52', '2021-11-05 01:01:52'),
(25, 32, 25, '2021-11-05 01:01:52', '2021-11-05 01:01:52'),
(26, 30, 25, '2021-11-05 01:01:52', '2021-11-05 01:01:52'),
(27, 7, 8, '2021-11-05 01:01:52', '2021-11-05 01:01:52'),
(28, 7, 26, '2021-11-05 01:01:52', '2021-11-05 01:01:52'),
(29, 8, 26, '2021-11-05 01:01:52', '2021-11-05 01:01:52'),
(30, 9, 11, '2021-11-05 01:01:52', '2021-11-05 01:01:52'),
(31, 10, 12, '2021-11-05 01:01:52', '2021-11-05 01:01:52'),
(32, 10, 17, '2021-11-05 01:01:52', '2021-11-05 01:01:52'),
(33, 12, 17, '2021-11-05 01:01:52', '2021-11-05 01:01:52'),
(34, 18, 27, '2021-11-05 01:01:52', '2021-11-05 01:01:52'),
(35, 18, 22, '2021-11-05 01:01:52', '2021-11-05 01:01:52'),
(36, 18, 31, '2021-11-05 01:01:52', '2021-11-05 01:01:52'),
(37, 18, 33, '2021-11-05 01:01:52', '2021-11-05 01:01:52'),
(38, 27, 22, '2021-11-05 01:01:52', '2021-11-05 01:01:52'),
(39, 27, 31, '2021-11-05 01:01:52', '2021-11-05 01:01:52'),
(40, 27, 33, '2021-11-05 01:01:52', '2021-11-05 01:01:52'),
(41, 22, 31, '2021-11-05 01:01:52', '2021-11-05 01:01:52'),
(42, 22, 33, '2021-11-05 01:01:52', '2021-11-05 01:01:52'),
(43, 31, 33, '2021-11-05 01:01:52', '2021-11-05 01:01:52'),
(44, 19, 34, '2021-11-05 01:01:52', '2021-11-05 01:01:52'),
(45, 20, 28, '2021-11-05 01:01:52', '2021-11-05 01:01:52'),
(46, 20, 23, '2021-11-05 01:01:52', '2021-11-05 01:01:52'),
(47, 28, 23, '2021-11-05 01:01:52', '2021-11-05 01:01:52'),
(48, 21, 29, '2021-11-05 01:01:52', '2021-11-05 01:01:52');

-- --------------------------------------------------------

--
-- Table structure for table `compare_prices`
--

CREATE TABLE `compare_prices` (
  `id` int(11) NOT NULL,
  `compare_id` int(11) NOT NULL,
  `buy_exchange` varchar(24) NOT NULL,
  `sell_exchange` varchar(24) NOT NULL,
  `difference` decimal(6,3) NOT NULL,
  `profit_loss` varchar(24) NOT NULL,
  `created_on` datetime NOT NULL DEFAULT CURRENT_TIMESTAMP
) ENGINE=InnoDB DEFAULT CHARSET=utf8;

--
-- Dumping data for table `compare_prices`
--

INSERT INTO `compare_prices` (`id`, `compare_id`, `buy_exchange`, `sell_exchange`, `difference`, `profit_loss`, `created_on`) VALUES
(1, 1, 'mdex', 'pancakeswap', '-0.002', 'loss', '2021-11-05 09:06:05'),
(2, 1, 'pancakeswap', 'mdex', '-0.002', 'loss', '2021-11-05 09:06:05'),
(3, 2, 'apeswap', 'pancakeswap', '-0.001', 'loss', '2021-11-05 09:06:07'),
(4, 2, 'pancakeswap', 'apeswap', '-0.002', 'loss', '2021-11-05 09:06:07'),
(5, 3, 'sushiswap', 'pancakeswap', '0.000', 'loss', '2021-11-05 09:06:08'),
(6, 3, 'pancakeswap', 'sushiswap', '-0.002', 'loss', '2021-11-05 09:06:08'),
(7, 4, 'kyber', 'pancakeswap', '-0.001', 'loss', '2021-11-05 09:06:15'),
(8, 4, 'pancakeswap', 'kyber', '-0.001', 'loss', '2021-11-05 09:06:15'),
(9, 5, 'apeswap', 'mdex', '-0.002', 'loss', '2021-11-05 09:06:16'),
(10, 5, 'mdex', 'apeswap', '-0.002', 'loss', '2021-11-05 09:06:16'),
(11, 6, 'sushiswap', 'mdex', '-0.001', 'loss', '2021-11-05 09:06:18'),
(12, 6, 'mdex', 'sushiswap', '-0.002', 'loss', '2021-11-05 09:06:18'),
(13, 7, 'kyber', 'mdex', '-0.001', 'loss', '2021-11-05 09:06:23'),
(14, 7, 'mdex', 'kyber', '-0.001', 'loss', '2021-11-05 09:06:23'),
(15, 8, 'sushiswap', 'apeswap', '-0.001', 'loss', '2021-11-05 09:06:24'),
(16, 8, 'apeswap', 'sushiswap', '-0.002', 'loss', '2021-11-05 09:06:24'),
(17, 9, 'kyber', 'apeswap', '-0.001', 'loss', '2021-11-05 09:06:28'),
(18, 9, 'apeswap', 'kyber', '-0.001', 'loss', '2021-11-05 09:06:28'),
(19, 10, 'kyber', 'sushiswap', '-0.001', 'loss', '2021-11-05 09:06:34'),
(20, 10, 'sushiswap', 'kyber', '0.000', 'loss', '2021-11-05 09:06:34'),
(21, 11, 'mdex', 'pancakeswap', '-0.605', 'loss', '2021-11-05 09:06:39'),
(22, 11, 'pancakeswap', 'mdex', '-0.685', 'loss', '2021-11-05 09:06:39'),
(23, 12, 'alitaswap', 'pancakeswap', '-0.432', 'loss', '2021-11-05 09:06:42'),
(24, 12, 'pancakeswap', 'alitaswap', '-0.564', 'loss', '2021-11-05 09:06:42'),
(25, 13, 'apeswap', 'pancakeswap', '-0.479', 'loss', '2021-11-05 09:06:45'),
(26, 13, 'pancakeswap', 'apeswap', '-0.519', 'loss', '2021-11-05 09:06:45'),
(27, 14, 'alitaswap', 'mdex', '-0.522', 'loss', '2021-11-05 09:06:47'),
(28, 14, 'mdex', 'alitaswap', '-0.573', 'loss', '2021-11-05 09:06:47'),
(29, 15, 'apeswap', 'mdex', '-0.569', 'loss', '2021-11-05 09:06:50'),
(30, 15, 'mdex', 'apeswap', '-0.528', 'loss', '2021-11-05 09:06:50'),
(31, 16, 'apeswap', 'alitaswap', '-0.448', 'loss', '2021-11-05 09:06:51'),
(32, 16, 'alitaswap', 'apeswap', '-0.355', 'loss', '2021-11-05 09:06:51'),
(33, 17, 'mdex', 'pancakeswap', '-0.291', 'loss', '2021-11-05 09:06:53'),
(34, 17, 'pancakeswap', 'mdex', '-0.354', 'loss', '2021-11-05 09:06:53'),
(35, 18, 'alitaswap', 'pancakeswap', '-0.026', 'loss', '2021-11-05 09:06:56'),
(36, 18, 'pancakeswap', 'alitaswap', '-0.099', 'loss', '2021-11-05 09:06:56'),
(37, 19, 'sushiswap', 'pancakeswap', '0.051', 'profit', '2021-11-05 09:06:59'),
(38, 20, 'apeswap', 'pancakeswap', '-0.039', 'loss', '2021-11-05 09:07:01'),
(39, 20, 'pancakeswap', 'apeswap', '-0.086', 'loss', '2021-11-05 09:07:01'),
(40, 21, 'alitaswap', 'mdex', '-0.305', 'loss', '2021-11-05 09:07:03'),
(41, 21, 'mdex', 'alitaswap', '-0.315', 'loss', '2021-11-05 09:07:03'),
(42, 22, 'sushiswap', 'mdex', '-0.229', 'loss', '2021-11-05 09:07:05'),
(43, 22, 'mdex', 'sushiswap', '-0.416', 'loss', '2021-11-05 09:07:05'),
(44, 23, 'apeswap', 'mdex', '-0.318', 'loss', '2021-11-05 09:07:08'),
(45, 23, 'mdex', 'apeswap', '-0.302', 'loss', '2021-11-05 09:07:08'),
(46, 24, 'sushiswap', 'alitaswap', '0.027', 'profit', '2021-11-05 09:07:10'),
(47, 25, 'apeswap', 'alitaswap', '-0.063', 'loss', '2021-11-05 09:07:11'),
(48, 25, 'alitaswap', 'apeswap', '-0.037', 'loss', '2021-11-05 09:07:11'),
(49, 26, 'sushiswap', 'apeswap', '0.040', 'profit', '2021-11-05 09:07:12'),
(50, 27, 'mdex', 'pancakeswap', '-279.148', 'loss', '2021-11-05 09:07:15'),
(51, 27, 'pancakeswap', 'mdex', '-247.142', 'loss', '2021-11-05 09:07:15'),
(52, 28, 'apeswap', 'pancakeswap', '-79.271', 'loss', '2021-11-05 09:07:17'),
(53, 28, 'pancakeswap', 'apeswap', '-44.361', 'loss', '2021-11-05 09:07:17'),
(54, 29, 'apeswap', 'mdex', '-255.209', 'loss', '2021-11-05 09:07:18'),
(55, 29, 'mdex', 'apeswap', '-252.305', 'loss', '2021-11-05 09:07:18'),
(56, 30, 'mdex', 'pancakeswap', '-0.002', 'loss', '2021-11-05 09:07:21'),
(57, 30, 'pancakeswap', 'mdex', '-0.003', 'loss', '2021-11-05 09:07:21'),
(58, 31, 'mdex', 'pancakeswap', '-0.001', 'loss', '2021-11-05 09:07:24'),
(59, 31, 'pancakeswap', 'mdex', '-0.005', 'loss', '2021-11-05 09:07:24'),
(60, 32, 'pancakeswap', 'pancakeswap', '-0.006', 'loss', '2021-11-05 09:07:27'),
(61, 32, 'pancakeswap', 'pancakeswap', '-0.006', 'loss', '2021-11-05 09:07:27'),
(62, 33, 'pancakeswap', 'mdex', '-0.005', 'loss', '2021-11-05 09:07:31'),
(63, 33, 'mdex', 'pancakeswap', '-0.001', 'loss', '2021-11-05 09:07:31'),
(64, 34, 'apeswap', 'pancakeswap', '-0.001', 'loss', '2021-11-05 09:07:33'),
(65, 34, 'pancakeswap', 'apeswap', '-0.001', 'loss', '2021-11-05 09:07:33'),
(66, 35, 'mdex', 'pancakeswap', '-0.003', 'loss', '2021-11-05 09:07:37'),
(67, 35, 'pancakeswap', 'mdex', '-0.003', 'loss', '2021-11-05 09:07:37'),
(68, 36, 'sushiswap', 'pancakeswap', '-0.001', 'loss', '2021-11-05 09:07:40'),
(69, 36, 'pancakeswap', 'sushiswap', '-0.001', 'loss', '2021-11-05 09:07:40'),
(70, 37, 'alitaswap', 'pancakeswap', '-0.001', 'loss', '2021-11-05 09:07:42'),
(71, 37, 'pancakeswap', 'alitaswap', '-0.001', 'loss', '2021-11-05 09:07:42'),
(72, 38, 'mdex', 'apeswap', '-0.003', 'loss', '2021-11-05 09:07:44'),
(73, 38, 'apeswap', 'mdex', '-0.003', 'loss', '2021-11-05 09:07:44'),
(74, 39, 'sushiswap', 'apeswap', '-0.001', 'loss', '2021-11-05 09:07:45'),
(75, 39, 'apeswap', 'sushiswap', '-0.001', 'loss', '2021-11-05 09:07:45'),
(76, 40, 'alitaswap', 'apeswap', '-0.001', 'loss', '2021-11-05 09:07:46'),
(77, 40, 'apeswap', 'alitaswap', '-0.001', 'loss', '2021-11-05 09:07:46'),
(78, 41, 'sushiswap', 'mdex', '-0.003', 'loss', '2021-11-05 09:07:48'),
(79, 41, 'mdex', 'sushiswap', '-0.003', 'loss', '2021-11-05 09:07:48'),
(80, 42, 'alitaswap', 'mdex', '-0.003', 'loss', '2021-11-05 09:07:51'),
(81, 42, 'mdex', 'alitaswap', '-0.003', 'loss', '2021-11-05 09:07:51'),
(82, 43, 'alitaswap', 'sushiswap', '-0.001', 'loss', '2021-11-05 09:07:52'),
(83, 43, 'sushiswap', 'alitaswap', '-0.001', 'loss', '2021-11-05 09:07:52'),
(84, 44, 'alitaswap', 'pancakeswap', '-0.004', 'loss', '2021-11-05 09:07:55'),
(85, 44, 'pancakeswap', 'alitaswap', '-0.006', 'loss', '2021-11-05 09:07:55'),
(86, 45, 'apeswap', 'pancakeswap', '-16.591', 'loss', '2021-11-05 09:08:00'),
(87, 45, 'pancakeswap', 'apeswap', '-12.061', 'loss', '2021-11-05 09:08:00'),
(88, 46, 'mdex', 'pancakeswap', '-262.857', 'loss', '2021-11-05 09:08:03'),
(89, 46, 'pancakeswap', 'mdex', '-247.798', 'loss', '2021-11-05 09:08:03'),
(90, 47, 'mdex', 'apeswap', '-258.860', 'loss', '2021-11-05 09:08:07'),
(91, 47, 'apeswap', 'mdex', '-248.331', 'loss', '2021-11-05 09:08:07'),
(92, 48, 'apeswap', 'pancakeswap', '-0.538', 'loss', '2021-11-05 09:08:10'),
(93, 48, 'pancakeswap', 'apeswap', '-0.552', 'loss', '2021-11-05 09:08:10'),
(94, 1, 'mdex', 'pancakeswap', '-0.002', 'loss', '2021-11-05 09:09:05'),
(95, 1, 'pancakeswap', 'mdex', '-0.002', 'loss', '2021-11-05 09:09:05'),
(96, 2, 'apeswap', 'pancakeswap', '-0.001', 'loss', '2021-11-05 09:09:06'),
(97, 2, 'pancakeswap', 'apeswap', '-0.002', 'loss', '2021-11-05 09:09:06'),
(98, 3, 'sushiswap', 'pancakeswap', '-0.001', 'loss', '2021-11-05 09:09:08'),
(99, 3, 'pancakeswap', 'sushiswap', '-0.002', 'loss', '2021-11-05 09:09:08'),
(100, 4, 'kyber', 'pancakeswap', '-0.001', 'loss', '2021-11-05 09:09:14'),
(101, 4, 'pancakeswap', 'kyber', '-0.001', 'loss', '2021-11-05 09:09:14'),
(102, 5, 'apeswap', 'mdex', '-0.002', 'loss', '2021-11-05 09:09:17'),
(103, 5, 'mdex', 'apeswap', '-0.002', 'loss', '2021-11-05 09:09:17'),
(104, 6, 'sushiswap', 'mdex', '-0.001', 'loss', '2021-11-05 09:09:19'),
(105, 6, 'mdex', 'sushiswap', '-0.002', 'loss', '2021-11-05 09:09:19'),
(106, 7, 'kyber', 'mdex', '-0.001', 'loss', '2021-11-05 09:09:24'),
(107, 7, 'mdex', 'kyber', '-0.001', 'loss', '2021-11-05 09:09:24'),
(108, 8, 'sushiswap', 'apeswap', '-0.001', 'loss', '2021-11-05 09:09:25'),
(109, 8, 'apeswap', 'sushiswap', '-0.002', 'loss', '2021-11-05 09:09:25'),
(110, 9, 'kyber', 'apeswap', '-0.001', 'loss', '2021-11-05 09:09:29'),
(111, 9, 'apeswap', 'kyber', '-0.001', 'loss', '2021-11-05 09:09:29'),
(112, 10, 'kyber', 'sushiswap', '-0.001', 'loss', '2021-11-05 09:09:34'),
(113, 10, 'sushiswap', 'kyber', '-0.001', 'loss', '2021-11-05 09:09:34'),
(114, 11, 'mdex', 'pancakeswap', '-0.643', 'loss', '2021-11-05 09:09:37'),
(115, 11, 'pancakeswap', 'mdex', '-0.647', 'loss', '2021-11-05 09:09:37'),
(116, 12, 'alitaswap', 'pancakeswap', '-0.472', 'loss', '2021-11-05 09:09:39'),
(117, 12, 'pancakeswap', 'alitaswap', '-0.524', 'loss', '2021-11-05 09:09:39'),
(118, 13, 'apeswap', 'pancakeswap', '-0.543', 'loss', '2021-11-05 09:09:41'),
(119, 13, 'pancakeswap', 'apeswap', '-0.454', 'loss', '2021-11-05 09:09:41'),
(120, 14, 'alitaswap', 'mdex', '-0.523', 'loss', '2021-11-05 09:09:43'),
(121, 14, 'mdex', 'alitaswap', '-0.572', 'loss', '2021-11-05 09:09:43'),
(122, 15, 'apeswap', 'mdex', '-0.594', 'loss', '2021-11-05 09:09:45'),
(123, 15, 'mdex', 'apeswap', '-0.501', 'loss', '2021-11-05 09:09:45'),
(124, 16, 'apeswap', 'alitaswap', '-0.472', 'loss', '2021-11-05 09:09:46'),
(125, 16, 'alitaswap', 'apeswap', '-0.330', 'loss', '2021-11-05 09:09:46'),
(126, 17, 'mdex', 'pancakeswap', '-0.292', 'loss', '2021-11-05 09:09:50'),
(127, 17, 'pancakeswap', 'mdex', '-0.354', 'loss', '2021-11-05 09:09:50'),
(128, 18, 'alitaswap', 'pancakeswap', '-0.040', 'loss', '2021-11-05 09:09:51'),
(129, 18, 'pancakeswap', 'alitaswap', '-0.085', 'loss', '2021-11-05 09:09:51'),
(130, 19, 'sushiswap', 'pancakeswap', '-0.004', 'loss', '2021-11-05 09:09:53'),
(131, 19, 'pancakeswap', 'sushiswap', '-0.145', 'loss', '2021-11-05 09:09:53'),
(132, 20, 'apeswap', 'pancakeswap', '-0.042', 'loss', '2021-11-05 09:09:55'),
(133, 20, 'pancakeswap', 'apeswap', '-0.084', 'loss', '2021-11-05 09:09:55'),
(134, 21, 'alitaswap', 'mdex', '-0.319', 'loss', '2021-11-05 09:09:57'),
(135, 21, 'mdex', 'alitaswap', '-0.301', 'loss', '2021-11-05 09:09:57'),
(136, 22, 'sushiswap', 'mdex', '-0.283', 'loss', '2021-11-05 09:09:58'),
(137, 22, 'mdex', 'sushiswap', '-0.361', 'loss', '2021-11-05 09:09:58'),
(138, 23, 'apeswap', 'mdex', '-0.321', 'loss', '2021-11-05 09:10:00'),
(139, 23, 'mdex', 'apeswap', '-0.300', 'loss', '2021-11-05 09:10:00'),
(140, 24, 'sushiswap', 'alitaswap', '-0.014', 'loss', '2021-11-05 09:10:01'),
(141, 24, 'alitaswap', 'sushiswap', '-0.110', 'loss', '2021-11-05 09:10:01'),
(142, 25, 'apeswap', 'alitaswap', '-0.051', 'loss', '2021-11-05 09:10:02'),
(143, 25, 'alitaswap', 'apeswap', '-0.049', 'loss', '2021-11-05 09:10:02'),
(144, 26, 'apeswap', 'sushiswap', '-0.112', 'loss', '2021-11-05 09:10:03'),
(145, 26, 'sushiswap', 'apeswap', '-0.013', 'loss', '2021-11-05 09:10:03'),
(146, 27, 'mdex', 'pancakeswap', '-279.033', 'loss', '2021-11-05 09:10:06'),
(147, 27, 'pancakeswap', 'mdex', '-247.153', 'loss', '2021-11-05 09:10:06'),
(148, 28, 'apeswap', 'pancakeswap', '-79.158', 'loss', '2021-11-05 09:10:07'),
(149, 28, 'pancakeswap', 'apeswap', '-44.470', 'loss', '2021-11-05 09:10:07'),
(150, 29, 'apeswap', 'mdex', '-255.109', 'loss', '2021-11-05 09:10:11'),
(151, 29, 'mdex', 'apeswap', '-252.305', 'loss', '2021-11-05 09:10:11'),
(152, 30, 'mdex', 'pancakeswap', '-0.002', 'loss', '2021-11-05 09:10:14'),
(153, 30, 'pancakeswap', 'mdex', '-0.003', 'loss', '2021-11-05 09:10:14'),
(154, 31, 'mdex', 'pancakeswap', '-0.001', 'loss', '2021-11-05 09:10:18'),
(155, 31, 'pancakeswap', 'mdex', '-0.005', 'loss', '2021-11-05 09:10:18'),
(156, 32, 'pancakeswap', 'pancakeswap', '-0.006', 'loss', '2021-11-05 09:10:21'),
(157, 32, 'pancakeswap', 'pancakeswap', '-0.006', 'loss', '2021-11-05 09:10:21'),
(158, 33, 'pancakeswap', 'mdex', '-0.005', 'loss', '2021-11-05 09:10:23'),
(159, 33, 'mdex', 'pancakeswap', '-0.001', 'loss', '2021-11-05 09:10:23'),
(160, 34, 'apeswap', 'pancakeswap', '-0.001', 'loss', '2021-11-05 09:10:27'),
(161, 34, 'pancakeswap', 'apeswap', '-0.001', 'loss', '2021-11-05 09:10:27'),
(162, 35, 'mdex', 'pancakeswap', '-0.003', 'loss', '2021-11-05 09:10:31'),
(163, 35, 'pancakeswap', 'mdex', '-0.003', 'loss', '2021-11-05 09:10:31'),
(164, 36, 'sushiswap', 'pancakeswap', '0.000', 'loss', '2021-11-05 09:10:33'),
(165, 36, 'pancakeswap', 'sushiswap', '-0.002', 'loss', '2021-11-05 09:10:33'),
(166, 37, 'alitaswap', 'pancakeswap', '-0.001', 'loss', '2021-11-05 09:10:36'),
(167, 37, 'pancakeswap', 'alitaswap', '-0.001', 'loss', '2021-11-05 09:10:36'),
(168, 38, 'mdex', 'apeswap', '-0.003', 'loss', '2021-11-05 09:10:37'),
(169, 38, 'apeswap', 'mdex', '-0.003', 'loss', '2021-11-05 09:10:37'),
(170, 39, 'sushiswap', 'apeswap', '0.000', 'loss', '2021-11-05 09:10:38'),
(171, 39, 'apeswap', 'sushiswap', '-0.002', 'loss', '2021-11-05 09:10:38'),
(172, 40, 'alitaswap', 'apeswap', '-0.001', 'loss', '2021-11-05 09:10:39'),
(173, 40, 'apeswap', 'alitaswap', '-0.001', 'loss', '2021-11-05 09:10:39'),
(174, 41, 'sushiswap', 'mdex', '-0.002', 'loss', '2021-11-05 09:10:41'),
(175, 41, 'mdex', 'sushiswap', '-0.004', 'loss', '2021-11-05 09:10:41'),
(176, 42, 'alitaswap', 'mdex', '-0.003', 'loss', '2021-11-05 09:10:43'),
(177, 42, 'mdex', 'alitaswap', '-0.003', 'loss', '2021-11-05 09:10:43'),
(178, 43, 'alitaswap', 'sushiswap', '-0.002', 'loss', '2021-11-05 09:10:44'),
(179, 43, 'sushiswap', 'alitaswap', '0.000', 'loss', '2021-11-05 09:10:44'),
(180, 44, 'alitaswap', 'pancakeswap', '-0.004', 'loss', '2021-11-05 09:10:47'),
(181, 44, 'pancakeswap', 'alitaswap', '-0.006', 'loss', '2021-11-05 09:10:47'),
(182, 45, 'apeswap', 'pancakeswap', '-15.711', 'loss', '2021-11-05 09:10:50'),
(183, 45, 'pancakeswap', 'apeswap', '-13.051', 'loss', '2021-11-05 09:10:50'),
(184, 46, 'mdex', 'pancakeswap', '-276.476', 'loss', '2021-11-05 09:10:55'),
(185, 46, 'pancakeswap', 'mdex', '-236.782', 'loss', '2021-11-05 09:10:55'),
(186, 47, 'mdex', 'apeswap', '-273.463', 'loss', '2021-11-05 09:10:56'),
(187, 47, 'apeswap', 'mdex', '-236.429', 'loss', '2021-11-05 09:10:56'),
(188, 48, 'apeswap', 'pancakeswap', '-0.535', 'loss', '2021-11-05 09:10:58'),
(189, 48, 'pancakeswap', 'apeswap', '-0.555', 'loss', '2021-11-05 09:10:58'),
(190, 1, 'mdex', 'pancakeswap', '-0.002', 'loss', '2021-11-09 10:18:06'),
(191, 1, 'pancakeswap', 'mdex', '-0.001', 'loss', '2021-11-09 10:18:06'),
(192, 2, 'apeswap', 'pancakeswap', '-0.001', 'loss', '2021-11-09 10:18:09'),
(193, 2, 'pancakeswap', 'apeswap', '-0.001', 'loss', '2021-11-09 10:18:09'),
(194, 3, 'sushiswap', 'pancakeswap', '-0.001', 'loss', '2021-11-09 10:18:11'),
(195, 3, 'pancakeswap', 'sushiswap', '-0.001', 'loss', '2021-11-09 10:18:11'),
(196, 4, 'kyber', 'pancakeswap', '-0.001', 'loss', '2021-11-09 10:18:18'),
(197, 4, 'pancakeswap', 'kyber', '-0.001', 'loss', '2021-11-09 10:18:18'),
(198, 5, 'apeswap', 'mdex', '-0.001', 'loss', '2021-11-09 10:18:21'),
(199, 5, 'mdex', 'apeswap', '-0.002', 'loss', '2021-11-09 10:18:21'),
(200, 6, 'sushiswap', 'mdex', '-0.001', 'loss', '2021-11-09 10:18:23'),
(201, 6, 'mdex', 'sushiswap', '-0.002', 'loss', '2021-11-09 10:18:23'),
(202, 7, 'kyber', 'mdex', '-0.001', 'loss', '2021-11-09 10:18:31'),
(203, 7, 'mdex', 'kyber', '-0.002', 'loss', '2021-11-09 10:18:31'),
(204, 8, 'sushiswap', 'apeswap', '-0.001', 'loss', '2021-11-09 10:18:32'),
(205, 8, 'apeswap', 'sushiswap', '-0.001', 'loss', '2021-11-09 10:18:32'),
(206, 9, 'kyber', 'apeswap', '-0.001', 'loss', '2021-11-09 10:18:40'),
(207, 9, 'apeswap', 'kyber', '-0.001', 'loss', '2021-11-09 10:18:40'),
(208, 10, 'kyber', 'sushiswap', '-0.001', 'loss', '2021-11-09 10:18:46'),
(209, 10, 'sushiswap', 'kyber', '0.000', 'loss', '2021-11-09 10:18:46'),
(210, 11, 'mdex', 'pancakeswap', '-0.764', 'loss', '2021-11-09 10:18:51'),
(211, 11, 'pancakeswap', 'mdex', '-0.546', 'loss', '2021-11-09 10:18:51'),
(212, 12, 'alitaswap', 'pancakeswap', '-0.603', 'loss', '2021-11-09 10:18:54'),
(213, 12, 'pancakeswap', 'alitaswap', '-0.399', 'loss', '2021-11-09 10:18:54'),
(214, 13, 'apeswap', 'pancakeswap', '-0.530', 'loss', '2021-11-09 10:18:57'),
(215, 13, 'pancakeswap', 'apeswap', '-0.473', 'loss', '2021-11-09 10:18:57'),
(216, 14, 'alitaswap', 'mdex', '-0.548', 'loss', '2021-11-09 10:19:00'),
(217, 14, 'mdex', 'alitaswap', '-0.562', 'loss', '2021-11-09 10:19:00'),
(218, 15, 'apeswap', 'mdex', '-0.475', 'loss', '2021-11-09 10:19:02'),
(219, 15, 'mdex', 'apeswap', '-0.636', 'loss', '2021-11-09 10:19:02'),
(220, 16, 'apeswap', 'alitaswap', '-0.328', 'loss', '2021-11-09 10:19:04'),
(221, 16, 'alitaswap', 'apeswap', '-0.475', 'loss', '2021-11-09 10:19:04'),
(222, 17, 'mdex', 'pancakeswap', '-0.448', 'loss', '2021-11-09 10:19:08'),
(223, 17, 'pancakeswap', 'mdex', '-0.404', 'loss', '2021-11-09 10:19:08'),
(224, 18, 'alitaswap', 'pancakeswap', '-0.094', 'loss', '2021-11-09 10:19:11'),
(225, 18, 'pancakeswap', 'alitaswap', '-0.045', 'loss', '2021-11-09 10:19:11'),
(226, 19, 'sushiswap', 'pancakeswap', '-0.088', 'loss', '2021-11-09 10:19:13'),
(227, 19, 'pancakeswap', 'sushiswap', '-0.078', 'loss', '2021-11-09 10:19:13'),
(228, 20, 'apeswap', 'pancakeswap', '-0.077', 'loss', '2021-11-09 10:19:15'),
(229, 20, 'pancakeswap', 'apeswap', '-0.062', 'loss', '2021-11-09 10:19:15'),
(230, 21, 'alitaswap', 'mdex', '-0.414', 'loss', '2021-11-09 10:19:18'),
(231, 21, 'mdex', 'alitaswap', '-0.408', 'loss', '2021-11-09 10:19:18'),
(232, 22, 'sushiswap', 'mdex', '-0.408', 'loss', '2021-11-09 10:19:20'),
(233, 22, 'mdex', 'sushiswap', '-0.441', 'loss', '2021-11-09 10:19:20'),
(234, 23, 'apeswap', 'mdex', '-0.393', 'loss', '2021-11-09 10:19:22'),
(235, 23, 'mdex', 'apeswap', '-0.430', 'loss', '2021-11-09 10:19:22'),
(236, 24, 'sushiswap', 'alitaswap', '-0.048', 'loss', '2021-11-09 10:19:24'),
(237, 24, 'alitaswap', 'sushiswap', '-0.088', 'loss', '2021-11-09 10:19:24'),
(238, 25, 'apeswap', 'alitaswap', '-0.033', 'loss', '2021-11-09 10:19:26'),
(239, 25, 'alitaswap', 'apeswap', '-0.076', 'loss', '2021-11-09 10:19:26'),
(240, 26, 'apeswap', 'sushiswap', '-0.066', 'loss', '2021-11-09 10:19:28'),
(241, 26, 'sushiswap', 'apeswap', '-0.070', 'loss', '2021-11-09 10:19:28'),
(242, 27, 'mdex', 'pancakeswap', '-326.415', 'loss', '2021-11-09 10:19:34'),
(243, 27, 'pancakeswap', 'mdex', '-357.213', 'loss', '2021-11-09 10:19:34'),
(244, 28, 'apeswap', 'pancakeswap', '-55.023', 'loss', '2021-11-09 10:19:37'),
(245, 28, 'pancakeswap', 'apeswap', '-57.755', 'loss', '2021-11-09 10:19:37'),
(246, 29, 'apeswap', 'mdex', '-341.235', 'loss', '2021-11-09 10:19:39'),
(247, 29, 'mdex', 'apeswap', '-313.172', 'loss', '2021-11-09 10:19:39'),
(248, 1, 'mdex', 'pancakeswap', '-0.002', 'loss', '2021-11-09 10:33:09'),
(249, 1, 'pancakeswap', 'mdex', '-0.001', 'loss', '2021-11-09 10:33:09'),
(250, 2, 'apeswap', 'pancakeswap', '-0.001', 'loss', '2021-11-09 10:33:12'),
(251, 2, 'pancakeswap', 'apeswap', '-0.002', 'loss', '2021-11-09 10:33:12'),
(252, 3, 'sushiswap', 'pancakeswap', '-0.001', 'loss', '2021-11-09 10:33:14'),
(253, 3, 'pancakeswap', 'sushiswap', '-0.001', 'loss', '2021-11-09 10:33:14'),
(254, 1, 'mdex', 'pancakeswap', '-0.001', 'loss', '2021-11-09 10:39:08'),
(255, 1, 'pancakeswap', 'mdex', '-0.002', 'loss', '2021-11-09 10:39:08'),
(256, 2, 'apeswap', 'pancakeswap', '-0.001', 'loss', '2021-11-09 10:39:10'),
(257, 2, 'pancakeswap', 'apeswap', '-0.001', 'loss', '2021-11-09 10:39:10'),
(258, 3, 'sushiswap', 'pancakeswap', '0.000', 'loss', '2021-11-09 10:39:12'),
(259, 3, 'pancakeswap', 'sushiswap', '-0.001', 'loss', '2021-11-09 10:39:12'),
(260, 4, 'kyber', 'pancakeswap', '-0.001', 'loss', '2021-11-09 10:39:20'),
(261, 4, 'pancakeswap', 'kyber', '-0.001', 'loss', '2021-11-09 10:39:20'),
(262, 5, 'apeswap', 'mdex', '-0.001', 'loss', '2021-11-09 10:39:22'),
(263, 5, 'mdex', 'apeswap', '-0.001', 'loss', '2021-11-09 10:39:22'),
(264, 6, 'sushiswap', 'mdex', '-0.001', 'loss', '2021-11-09 10:39:24'),
(265, 6, 'mdex', 'sushiswap', '-0.002', 'loss', '2021-11-09 10:39:24'),
(266, 7, 'kyber', 'mdex', '-0.001', 'loss', '2021-11-09 10:39:29'),
(267, 7, 'mdex', 'kyber', '-0.001', 'loss', '2021-11-09 10:39:29'),
(268, 8, 'sushiswap', 'apeswap', '0.000', 'loss', '2021-11-09 10:39:31'),
(269, 8, 'apeswap', 'sushiswap', '-0.001', 'loss', '2021-11-09 10:39:31'),
(270, 9, 'kyber', 'apeswap', '-0.001', 'loss', '2021-11-09 10:39:37'),
(271, 9, 'apeswap', 'kyber', '-0.001', 'loss', '2021-11-09 10:39:37'),
(272, 1, 'mdex', 'pancakeswap', '-0.001', 'loss', '2021-11-09 10:45:06'),
(273, 1, 'pancakeswap', 'mdex', '-0.002', 'loss', '2021-11-09 10:45:06'),
(274, 2, 'apeswap', 'pancakeswap', '-0.001', 'loss', '2021-11-09 10:45:08'),
(275, 2, 'pancakeswap', 'apeswap', '-0.001', 'loss', '2021-11-09 10:45:08'),
(276, 1, 'mdex', 'pancakeswap', '-0.001', 'loss', '2021-11-09 10:47:05'),
(277, 1, 'pancakeswap', 'mdex', '-0.002', 'loss', '2021-11-09 10:47:05'),
(278, 2, 'apeswap', 'pancakeswap', '-0.001', 'loss', '2021-11-09 10:47:07'),
(279, 2, 'pancakeswap', 'apeswap', '-0.001', 'loss', '2021-11-09 10:47:07'),
(280, 3, 'sushiswap', 'pancakeswap', '-0.001', 'loss', '2021-11-09 10:47:10'),
(281, 3, 'pancakeswap', 'sushiswap', '-0.001', 'loss', '2021-11-09 10:47:10'),
(282, 1, 'mdex', 'pancakeswap', '-0.001', 'loss', '2021-11-09 10:49:06'),
(283, 1, 'pancakeswap', 'mdex', '-0.002', 'loss', '2021-11-09 10:49:06'),
(284, 2, 'apeswap', 'pancakeswap', '0.000', 'loss', '2021-11-09 10:49:10'),
(285, 2, 'pancakeswap', 'apeswap', '-0.002', 'loss', '2021-11-09 10:49:10'),
(286, 1, 'mdex', 'pancakeswap', '-0.001', 'loss', '2021-11-09 10:51:04'),
(287, 1, 'pancakeswap', 'mdex', '-0.002', 'loss', '2021-11-09 10:51:04'),
(288, 2, 'apeswap', 'pancakeswap', '0.000', 'loss', '2021-11-09 10:51:07'),
(289, 2, 'pancakeswap', 'apeswap', '-0.002', 'loss', '2021-11-09 10:51:07'),
(290, 3, 'sushiswap', 'pancakeswap', '-0.001', 'loss', '2021-11-09 10:51:09'),
(291, 3, 'pancakeswap', 'sushiswap', '-0.001', 'loss', '2021-11-09 10:51:09'),
(292, 1, 'mdex', 'pancakeswap', '-0.002', 'loss', '2021-11-09 10:56:05'),
(293, 1, 'pancakeswap', 'mdex', '-0.001', 'loss', '2021-11-09 10:56:05'),
(294, 2, 'apeswap', 'pancakeswap', '-0.001', 'loss', '2021-11-09 10:56:09'),
(295, 2, 'pancakeswap', 'apeswap', '-0.001', 'loss', '2021-11-09 10:56:09'),
(296, 3, 'sushiswap', 'pancakeswap', '-0.001', 'loss', '2021-11-09 10:56:11'),
(297, 3, 'pancakeswap', 'sushiswap', '-0.001', 'loss', '2021-11-09 10:56:11'),
(298, 4, 'kyber', 'pancakeswap', '-0.001', 'loss', '2021-11-09 10:56:19'),
(299, 4, 'pancakeswap', 'kyber', '-0.001', 'loss', '2021-11-09 10:56:19'),
(300, 5, 'apeswap', 'mdex', '-0.001', 'loss', '2021-11-09 10:56:21'),
(301, 5, 'mdex', 'apeswap', '-0.002', 'loss', '2021-11-09 10:56:21'),
(302, 6, 'sushiswap', 'mdex', '-0.002', 'loss', '2021-11-09 10:56:24'),
(303, 6, 'mdex', 'sushiswap', '-0.001', 'loss', '2021-11-09 10:56:24'),
(304, 1, 'mdex', 'pancakeswap', '-0.002', 'loss', '2021-11-10 14:59:07'),
(305, 1, 'pancakeswap', 'mdex', '-0.001', 'loss', '2021-11-10 14:59:07'),
(306, 1, 'mdex', 'pancakeswap', '-0.001', 'loss', '2021-11-17 11:54:06'),
(307, 1, 'pancakeswap', 'mdex', '-0.002', 'loss', '2021-11-17 11:54:06'),
(308, 2, 'apeswap', 'pancakeswap', '0.004', 'profit', '2021-11-17 11:54:08'),
(309, 1, 'mdex', 'pancakeswap', '-0.002', 'loss', '2021-11-18 15:14:04'),
(310, 1, 'pancakeswap', 'mdex', '-0.001', 'loss', '2021-11-18 15:14:04'),
(311, 1, 'mdex', 'pancakeswap', '-0.001', 'loss', '2021-11-18 15:26:05'),
(312, 1, 'pancakeswap', 'mdex', '-0.002', 'loss', '2021-11-18 15:26:05'),
(313, 2, 'apeswap', 'pancakeswap', '0.004', 'profit', '2021-11-18 15:26:08'),
(314, 1, 'mdex', 'pancakeswap', '-0.001', 'loss', '2021-11-18 15:28:06'),
(315, 1, 'pancakeswap', 'mdex', '-0.002', 'loss', '2021-11-18 15:28:06'),
(316, 2, 'apeswap', 'pancakeswap', '0.004', 'profit', '2021-11-18 15:28:07'),
(317, 3, 'sushiswap', 'pancakeswap', '0.003', 'profit', '2021-11-18 15:28:09'),
(318, 4, 'kyber', 'pancakeswap', '0.003', 'profit', '2021-11-18 15:28:17'),
(319, 5, 'apeswap', 'mdex', '0.003', 'profit', '2021-11-18 15:28:19'),
(320, 6, 'sushiswap', 'mdex', '0.002', 'profit', '2021-11-18 15:28:21'),
(321, 7, 'kyber', 'mdex', '0.002', 'profit', '2021-11-18 15:28:27'),
(322, 8, 'sushiswap', 'apeswap', '-0.001', 'loss', '2021-11-18 15:28:28'),
(323, 8, 'apeswap', 'sushiswap', '-0.001', 'loss', '2021-11-18 15:28:28'),
(324, 9, 'kyber', 'apeswap', '-0.002', 'loss', '2021-11-18 15:28:33'),
(325, 9, 'apeswap', 'kyber', '0.000', 'loss', '2021-11-18 15:28:33'),
(326, 10, 'kyber', 'sushiswap', '-0.001', 'loss', '2021-11-18 15:28:39'),
(327, 10, 'sushiswap', 'kyber', '0.000', 'loss', '2021-11-18 15:28:39'),
(328, 11, 'mdex', 'pancakeswap', '-0.566', 'loss', '2021-11-18 15:28:43'),
(329, 11, 'pancakeswap', 'mdex', '-0.698', 'loss', '2021-11-18 15:28:43'),
(330, 12, 'alitaswap', 'pancakeswap', '-0.506', 'loss', '2021-11-18 15:28:45'),
(331, 12, 'pancakeswap', 'alitaswap', '-0.473', 'loss', '2021-11-18 15:28:45'),
(332, 13, 'apeswap', 'pancakeswap', '-0.450', 'loss', '2021-11-18 15:28:48'),
(333, 13, 'pancakeswap', 'apeswap', '-0.529', 'loss', '2021-11-18 15:28:48'),
(334, 14, 'alitaswap', 'mdex', '-0.626', 'loss', '2021-11-18 15:28:50'),
(335, 14, 'mdex', 'alitaswap', '-0.461', 'loss', '2021-11-18 15:28:50'),
(336, 15, 'apeswap', 'mdex', '-0.572', 'loss', '2021-11-18 15:28:52'),
(337, 15, 'mdex', 'apeswap', '-0.516', 'loss', '2021-11-18 15:28:52'),
(338, 16, 'apeswap', 'alitaswap', '-0.346', 'loss', '2021-11-18 15:28:54'),
(339, 16, 'alitaswap', 'apeswap', '-0.456', 'loss', '2021-11-18 15:28:54'),
(340, 17, 'mdex', 'pancakeswap', '-0.442', 'loss', '2021-11-18 15:28:56'),
(341, 17, 'pancakeswap', 'mdex', '-0.445', 'loss', '2021-11-18 15:28:56'),
(342, 18, 'pancakeswap', 'alitaswap', '0.011', 'profit', '2021-11-18 15:28:58'),
(343, 19, 'sushiswap', 'pancakeswap', '-0.111', 'loss', '2021-11-18 15:29:00'),
(344, 19, 'pancakeswap', 'sushiswap', '-0.052', 'loss', '2021-11-18 15:29:00'),
(345, 20, 'apeswap', 'pancakeswap', '-0.137', 'loss', '2021-11-18 15:29:02'),
(346, 20, 'pancakeswap', 'apeswap', '0.000', 'loss', '2021-11-18 15:29:02'),
(347, 21, 'alitaswap', 'mdex', '-0.510', 'loss', '2021-11-18 15:29:04'),
(348, 21, 'mdex', 'alitaswap', '-0.349', 'loss', '2021-11-18 15:29:04'),
(349, 1, 'mdex', 'pancakeswap', '-0.001', 'loss', '2021-11-18 15:29:04'),
(350, 1, 'pancakeswap', 'mdex', '-0.002', 'loss', '2021-11-18 15:29:04'),
(351, 2, 'apeswap', 'pancakeswap', '0.004', 'profit', '2021-11-18 15:29:06'),
(352, 22, 'sushiswap', 'mdex', '-0.474', 'loss', '2021-11-18 15:29:06'),
(353, 22, 'mdex', 'sushiswap', '-0.412', 'loss', '2021-11-18 15:29:06'),
(354, 1, 'mdex', 'pancakeswap', '-0.001', 'loss', '2021-11-18 15:33:21'),
(355, 1, 'pancakeswap', 'mdex', '-0.002', 'loss', '2021-11-18 15:33:21'),
(356, 2, 'apeswap', 'pancakeswap', '0.004', 'profit', '2021-11-18 15:33:23'),
(357, 3, 'sushiswap', 'pancakeswap', '0.004', 'profit', '2021-11-18 15:33:25'),
(358, 4, 'kyber', 'pancakeswap', '0.003', 'profit', '2021-11-18 15:33:31'),
(359, 5, 'apeswap', 'mdex', '0.002', 'profit', '2021-11-18 15:33:33'),
(360, 6, 'sushiswap', 'mdex', '0.003', 'profit', '2021-11-18 15:33:34'),
(361, 7, 'kyber', 'mdex', '0.002', 'profit', '2021-11-18 15:33:41'),
(362, 8, 'sushiswap', 'apeswap', '-0.001', 'loss', '2021-11-18 15:33:42'),
(363, 8, 'apeswap', 'sushiswap', '-0.001', 'loss', '2021-11-18 15:33:42'),
(364, 9, 'kyber', 'apeswap', '-0.002', 'loss', '2021-11-18 15:33:48'),
(365, 9, 'apeswap', 'kyber', '0.000', 'loss', '2021-11-18 15:33:48'),
(366, 10, 'kyber', 'sushiswap', '-0.001', 'loss', '2021-11-18 15:33:53'),
(367, 10, 'sushiswap', 'kyber', '0.000', 'loss', '2021-11-18 15:33:53'),
(368, 1, 'mdex', 'pancakeswap', '-0.002', 'loss', '2021-11-18 15:40:06'),
(369, 1, 'pancakeswap', 'mdex', '-0.002', 'loss', '2021-11-18 15:40:06'),
(370, 2, 'apeswap', 'pancakeswap', '0.004', 'profit', '2021-11-18 15:40:08'),
(371, 3, 'sushiswap', 'pancakeswap', '0.003', 'profit', '2021-11-18 15:40:10'),
(372, 4, 'kyber', 'pancakeswap', '0.002', 'profit', '2021-11-18 15:40:17'),
(373, 5, 'apeswap', 'mdex', '0.003', 'profit', '2021-11-18 15:40:18'),
(374, 6, 'sushiswap', 'mdex', '0.003', 'profit', '2021-11-18 15:40:20'),
(375, 1, 'mdex', 'pancakeswap', '-0.002', 'loss', '2021-11-18 15:45:06'),
(376, 1, 'pancakeswap', 'mdex', '-0.001', 'loss', '2021-11-18 15:45:06'),
(377, 2, 'apeswap', 'pancakeswap', '0.004', 'profit', '2021-11-18 15:45:09'),
(378, 3, 'sushiswap', 'pancakeswap', '0.003', 'profit', '2021-11-18 15:45:12'),
(379, 4, 'kyber', 'pancakeswap', '0.002', 'profit', '2021-11-18 15:45:20'),
(380, 5, 'apeswap', 'mdex', '0.003', 'profit', '2021-11-18 15:45:23'),
(381, 6, 'sushiswap', 'mdex', '0.003', 'profit', '2021-11-18 15:45:26'),
(382, 7, 'kyber', 'mdex', '0.002', 'profit', '2021-11-18 15:45:32'),
(383, 8, 'sushiswap', 'apeswap', '-0.001', 'loss', '2021-11-18 15:45:34'),
(384, 8, 'apeswap', 'sushiswap', '-0.001', 'loss', '2021-11-18 15:45:34'),
(385, 9, 'apeswap', 'kyber', '0.000', 'profit', '2021-11-18 15:45:39'),
(386, 10, 'sushiswap', 'kyber', '0.000', 'profit', '2021-11-18 15:45:45'),
(387, 11, 'mdex', 'pancakeswap', '-0.500', 'loss', '2021-11-18 15:45:49'),
(388, 11, 'pancakeswap', 'mdex', '-0.765', 'loss', '2021-11-18 15:45:49'),
(389, 12, 'alitaswap', 'pancakeswap', '-0.438', 'loss', '2021-11-18 15:45:52'),
(390, 12, 'pancakeswap', 'alitaswap', '-0.541', 'loss', '2021-11-18 15:45:52'),
(391, 13, 'apeswap', 'pancakeswap', '-0.363', 'loss', '2021-11-18 15:45:55'),
(392, 13, 'pancakeswap', 'apeswap', '-0.618', 'loss', '2021-11-18 15:45:55'),
(393, 14, 'alitaswap', 'mdex', '-0.624', 'loss', '2021-11-18 15:45:57'),
(394, 14, 'mdex', 'alitaswap', '-0.464', 'loss', '2021-11-18 15:45:57'),
(395, 15, 'apeswap', 'mdex', '-0.549', 'loss', '2021-11-18 15:45:59'),
(396, 15, 'mdex', 'apeswap', '-0.540', 'loss', '2021-11-18 15:45:59'),
(397, 16, 'apeswap', 'alitaswap', '-0.325', 'loss', '2021-11-18 15:46:00'),
(398, 16, 'alitaswap', 'apeswap', '-0.477', 'loss', '2021-11-18 15:46:00'),
(399, 17, 'mdex', 'pancakeswap', '-0.452', 'loss', '2021-11-18 15:46:03'),
(400, 17, 'pancakeswap', 'mdex', '-0.435', 'loss', '2021-11-18 15:46:03'),
(401, 18, 'pancakeswap', 'alitaswap', '0.015', 'profit', '2021-11-18 15:46:05'),
(402, 19, 'sushiswap', 'pancakeswap', '-0.094', 'loss', '2021-11-18 15:46:09'),
(403, 19, 'pancakeswap', 'sushiswap', '-0.070', 'loss', '2021-11-18 15:46:09'),
(404, 20, 'pancakeswap', 'apeswap', '0.005', 'profit', '2021-11-18 15:46:10'),
(405, 21, 'alitaswap', 'mdex', '-0.504', 'loss', '2021-11-18 15:46:14'),
(406, 21, 'mdex', 'alitaswap', '-0.355', 'loss', '2021-11-18 15:46:14'),
(407, 22, 'sushiswap', 'mdex', '-0.447', 'loss', '2021-11-18 15:46:16'),
(408, 22, 'mdex', 'sushiswap', '-0.439', 'loss', '2021-11-18 15:46:16'),
(409, 23, 'apeswap', 'mdex', '-0.494', 'loss', '2021-11-18 15:46:19'),
(410, 23, 'mdex', 'apeswap', '-0.365', 'loss', '2021-11-18 15:46:19'),
(411, 24, 'sushiswap', 'alitaswap', '0.003', 'profit', '2021-11-18 15:46:21'),
(412, 25, 'apeswap', 'alitaswap', '-0.044', 'loss', '2021-11-18 15:46:23'),
(413, 25, 'alitaswap', 'apeswap', '-0.065', 'loss', '2021-11-18 15:46:23'),
(414, 26, 'apeswap', 'sushiswap', '-0.129', 'loss', '2021-11-18 15:46:24'),
(415, 26, 'sushiswap', 'apeswap', '-0.007', 'loss', '2021-11-18 15:46:24'),
(416, 27, 'mdex', 'pancakeswap', '-373.724', 'loss', '2021-11-18 15:46:28'),
(417, 27, 'pancakeswap', 'mdex', '-384.344', 'loss', '2021-11-18 15:46:28'),
(418, 28, 'apeswap', 'pancakeswap', '31.140', 'profit', '2021-11-18 15:46:30'),
(419, 29, 'apeswap', 'mdex', '-286.012', 'loss', '2021-11-18 15:46:33'),
(420, 29, 'mdex', 'apeswap', '-448.592', 'loss', '2021-11-18 15:46:33'),
(421, 30, 'mdex', 'pancakeswap', '-0.003', 'loss', '2021-11-18 15:46:36'),
(422, 30, 'pancakeswap', 'mdex', '-0.003', 'loss', '2021-11-18 15:46:36'),
(423, 31, 'mdex', 'pancakeswap', '-0.001', 'loss', '2021-11-18 15:46:39'),
(424, 31, 'pancakeswap', 'mdex', '-0.001', 'loss', '2021-11-18 15:46:39'),
(425, 32, 'pancakeswap', 'pancakeswap', '-0.001', 'loss', '2021-11-18 15:46:44'),
(426, 32, 'pancakeswap', 'pancakeswap', '-0.001', 'loss', '2021-11-18 15:46:44'),
(427, 33, 'pancakeswap', 'mdex', '-0.001', 'loss', '2021-11-18 15:46:47'),
(428, 33, 'mdex', 'pancakeswap', '-0.001', 'loss', '2021-11-18 15:46:47'),
(429, 34, 'apeswap', 'pancakeswap', '0.003', 'profit', '2021-11-18 15:46:50'),
(430, 35, 'mdex', 'pancakeswap', '-0.004', 'loss', '2021-11-18 15:46:54'),
(431, 35, 'pancakeswap', 'mdex', '-0.004', 'loss', '2021-11-18 15:46:54'),
(432, 36, 'sushiswap', 'pancakeswap', '0.003', 'profit', '2021-11-18 15:46:56'),
(433, 37, 'alitaswap', 'pancakeswap', '0.003', 'profit', '2021-11-18 15:46:59'),
(434, 38, 'apeswap', 'mdex', '0.000', 'profit', '2021-11-18 15:47:01'),
(435, 39, 'sushiswap', 'apeswap', '-0.001', 'loss', '2021-11-18 15:47:03'),
(436, 39, 'apeswap', 'sushiswap', '-0.001', 'loss', '2021-11-18 15:47:03'),
(437, 40, 'alitaswap', 'apeswap', '-0.001', 'loss', '2021-11-18 15:47:04'),
(438, 40, 'apeswap', 'alitaswap', '-0.001', 'loss', '2021-11-18 15:47:04'),
(439, 41, 'sushiswap', 'mdex', '0.000', 'profit', '2021-11-18 15:47:06'),
(440, 42, 'alitaswap', 'mdex', '0.000', 'profit', '2021-11-18 15:47:10'),
(441, 43, 'alitaswap', 'sushiswap', '-0.001', 'loss', '2021-11-18 15:47:12'),
(442, 43, 'sushiswap', 'alitaswap', '-0.001', 'loss', '2021-11-18 15:47:12'),
(443, 44, 'pancakeswap', 'alitaswap', '0.002', 'profit', '2021-11-18 15:47:13'),
(444, 45, 'apeswap', 'pancakeswap', '7.681', 'profit', '2021-11-18 15:47:18'),
(445, 46, 'mdex', 'pancakeswap', '-378.072', 'loss', '2021-11-18 15:47:21'),
(446, 46, 'pancakeswap', 'mdex', '-353.890', 'loss', '2021-11-18 15:47:21'),
(447, 47, 'mdex', 'apeswap', '-400.116', 'loss', '2021-11-18 15:47:24'),
(448, 47, 'apeswap', 'mdex', '-326.782', 'loss', '2021-11-18 15:47:24'),
(449, 48, 'apeswap', 'pancakeswap', '-0.345', 'loss', '2021-11-18 15:47:27'),
(450, 48, 'pancakeswap', 'apeswap', '-0.758', 'loss', '2021-11-18 15:47:27'),
(451, 1, 'mdex', 'pancakeswap', '-0.001', 'loss', '2021-11-18 15:48:02'),
(452, 1, 'pancakeswap', 'mdex', '-0.002', 'loss', '2021-11-18 15:48:02'),
(453, 2, 'apeswap', 'pancakeswap', '0.003', 'profit', '2021-11-18 15:48:05'),
(454, 3, 'sushiswap', 'pancakeswap', '0.003', 'profit', '2021-11-18 15:48:07'),
(455, 4, 'kyber', 'pancakeswap', '0.005', 'profit', '2021-11-18 15:48:15'),
(456, 5, 'apeswap', 'mdex', '0.003', 'profit', '2021-11-18 15:48:18'),
(457, 6, 'sushiswap', 'mdex', '0.003', 'profit', '2021-11-18 15:48:21'),
(458, 7, 'kyber', 'mdex', '0.002', 'profit', '2021-11-18 15:48:27'),
(459, 8, 'sushiswap', 'apeswap', '-0.002', 'loss', '2021-11-18 15:48:29'),
(460, 8, 'apeswap', 'sushiswap', '-0.001', 'loss', '2021-11-18 15:48:29'),
(461, 9, 'apeswap', 'kyber', '0.000', 'profit', '2021-11-18 15:48:34'),
(462, 10, 'kyber', 'sushiswap', '-0.001', 'loss', '2021-11-18 15:48:40'),
(463, 10, 'sushiswap', 'kyber', '0.000', 'loss', '2021-11-18 15:48:40'),
(464, 11, 'mdex', 'pancakeswap', '-0.579', 'loss', '2021-11-18 15:48:43'),
(465, 11, 'pancakeswap', 'mdex', '-0.685', 'loss', '2021-11-18 15:48:43'),
(466, 12, 'alitaswap', 'pancakeswap', '-0.518', 'loss', '2021-11-18 15:48:46'),
(467, 12, 'pancakeswap', 'alitaswap', '-0.461', 'loss', '2021-11-18 15:48:46'),
(468, 13, 'apeswap', 'pancakeswap', '-0.428', 'loss', '2021-11-18 15:48:49'),
(469, 13, 'pancakeswap', 'apeswap', '-0.551', 'loss', '2021-11-18 15:48:49'),
(470, 14, 'alitaswap', 'mdex', '-0.626', 'loss', '2021-11-18 15:48:52'),
(471, 14, 'mdex', 'alitaswap', '-0.462', 'loss', '2021-11-18 15:48:52'),
(472, 15, 'apeswap', 'mdex', '-0.543', 'loss', '2021-11-18 15:48:54'),
(473, 15, 'mdex', 'apeswap', '-0.545', 'loss', '2021-11-18 15:48:54'),
(474, 16, 'apeswap', 'alitaswap', '-0.318', 'loss', '2021-11-18 15:48:55'),
(475, 16, 'alitaswap', 'apeswap', '-0.484', 'loss', '2021-11-18 15:48:55'),
(476, 17, 'mdex', 'pancakeswap', '-0.452', 'loss', '2021-11-18 15:48:58'),
(477, 17, 'pancakeswap', 'mdex', '-0.434', 'loss', '2021-11-18 15:48:58'),
(478, 18, 'pancakeswap', 'alitaswap', '0.015', 'profit', '2021-11-18 15:49:00'),
(479, 19, 'sushiswap', 'pancakeswap', '-0.104', 'loss', '2021-11-18 15:49:04'),
(480, 19, 'pancakeswap', 'sushiswap', '-0.060', 'loss', '2021-11-18 15:49:04'),
(481, 20, 'pancakeswap', 'apeswap', '0.005', 'profit', '2021-11-18 15:49:05'),
(482, 21, 'alitaswap', 'mdex', '-0.504', 'loss', '2021-11-18 15:49:09'),
(483, 21, 'mdex', 'alitaswap', '-0.355', 'loss', '2021-11-18 15:49:09'),
(484, 22, 'sushiswap', 'mdex', '-0.456', 'loss', '2021-11-18 15:49:11'),
(485, 22, 'mdex', 'sushiswap', '-0.430', 'loss', '2021-11-18 15:49:11'),
(486, 23, 'apeswap', 'mdex', '-0.494', 'loss', '2021-11-18 15:49:13'),
(487, 23, 'mdex', 'apeswap', '-0.365', 'loss', '2021-11-18 15:49:13'),
(488, 24, 'sushiswap', 'alitaswap', '-0.006', 'loss', '2021-11-18 15:49:14'),
(489, 24, 'alitaswap', 'sushiswap', '-0.130', 'loss', '2021-11-18 15:49:14'),
(490, 25, 'apeswap', 'alitaswap', '-0.041', 'loss', '2021-11-18 15:49:15'),
(491, 25, 'alitaswap', 'apeswap', '-0.065', 'loss', '2021-11-18 15:49:15'),
(492, 26, 'apeswap', 'sushiswap', '-0.117', 'loss', '2021-11-18 15:49:16'),
(493, 26, 'sushiswap', 'apeswap', '-0.020', 'loss', '2021-11-18 15:49:16'),
(494, 27, 'mdex', 'pancakeswap', '-373.439', 'loss', '2021-11-18 15:49:20'),
(495, 27, 'pancakeswap', 'mdex', '-384.644', 'loss', '2021-11-18 15:49:20'),
(496, 28, 'apeswap', 'pancakeswap', '31.417', 'profit', '2021-11-18 15:49:23'),
(497, 29, 'apeswap', 'mdex', '-286.020', 'loss', '2021-11-18 15:49:26'),
(498, 29, 'mdex', 'apeswap', '-448.810', 'loss', '2021-11-18 15:49:26'),
(499, 30, 'mdex', 'pancakeswap', '-0.003', 'loss', '2021-11-18 15:49:28'),
(500, 30, 'pancakeswap', 'mdex', '-0.003', 'loss', '2021-11-18 15:49:28'),
(501, 31, 'mdex', 'pancakeswap', '-0.001', 'loss', '2021-11-18 15:49:32'),
(502, 31, 'pancakeswap', 'mdex', '-0.001', 'loss', '2021-11-18 15:49:32'),
(503, 32, 'pancakeswap', 'pancakeswap', '-0.001', 'loss', '2021-11-18 15:49:34'),
(504, 32, 'pancakeswap', 'pancakeswap', '-0.001', 'loss', '2021-11-18 15:49:34'),
(505, 33, 'pancakeswap', 'mdex', '-0.001', 'loss', '2021-11-18 15:49:37'),
(506, 33, 'mdex', 'pancakeswap', '-0.001', 'loss', '2021-11-18 15:49:37'),
(507, 34, 'apeswap', 'pancakeswap', '0.003', 'profit', '2021-11-18 15:49:39'),
(508, 35, 'mdex', 'pancakeswap', '-0.004', 'loss', '2021-11-18 15:49:44'),
(509, 35, 'pancakeswap', 'mdex', '-0.004', 'loss', '2021-11-18 15:49:44'),
(510, 36, 'sushiswap', 'pancakeswap', '0.003', 'profit', '2021-11-18 15:49:45'),
(511, 37, 'alitaswap', 'pancakeswap', '0.003', 'profit', '2021-11-18 15:49:48'),
(512, 38, 'apeswap', 'mdex', '0.000', 'profit', '2021-11-18 15:49:52'),
(513, 39, 'sushiswap', 'apeswap', '-0.001', 'loss', '2021-11-18 15:49:53'),
(514, 39, 'apeswap', 'sushiswap', '-0.001', 'loss', '2021-11-18 15:49:53'),
(515, 40, 'alitaswap', 'apeswap', '-0.001', 'loss', '2021-11-18 15:49:55'),
(516, 40, 'apeswap', 'alitaswap', '0.000', 'loss', '2021-11-18 15:49:55'),
(517, 41, 'sushiswap', 'mdex', '0.000', 'loss', '2021-11-18 15:49:56'),
(518, 41, 'mdex', 'sushiswap', '-0.008', 'loss', '2021-11-18 15:49:56'),
(519, 42, 'alitaswap', 'mdex', '0.000', 'loss', '2021-11-18 15:49:58'),
(520, 42, 'mdex', 'alitaswap', '-0.008', 'loss', '2021-11-18 15:49:58'),
(521, 43, 'alitaswap', 'sushiswap', '-0.001', 'loss', '2021-11-18 15:50:00'),
(522, 43, 'sushiswap', 'alitaswap', '-0.001', 'loss', '2021-11-18 15:50:00'),
(523, 44, 'pancakeswap', 'alitaswap', '0.002', 'profit', '2021-11-18 15:50:01'),
(524, 45, 'apeswap', 'pancakeswap', '11.780', 'profit', '2021-11-18 15:50:04'),
(525, 46, 'mdex', 'pancakeswap', '-375.330', 'loss', '2021-11-18 15:50:08'),
(526, 46, 'pancakeswap', 'mdex', '-356.684', 'loss', '2021-11-18 15:50:08'),
(527, 47, 'mdex', 'apeswap', '-402.184', 'loss', '2021-11-18 15:50:10'),
(528, 47, 'apeswap', 'mdex', '-325.545', 'loss', '2021-11-18 15:50:10'),
(529, 48, 'apeswap', 'pancakeswap', '-0.357', 'loss', '2021-11-18 15:50:12'),
(530, 48, 'pancakeswap', 'apeswap', '-0.745', 'loss', '2021-11-18 15:50:12'),
(531, 1, 'mdex', 'pancakeswap', '-0.002', 'loss', '2021-11-18 16:03:06'),
(532, 1, 'pancakeswap', 'mdex', '-0.002', 'loss', '2021-11-18 16:03:06'),
(533, 2, 'apeswap', 'pancakeswap', '0.003', 'profit', '2021-11-18 16:03:09'),
(534, 3, 'sushiswap', 'pancakeswap', '0.003', 'profit', '2021-11-18 16:03:12'),
(535, 4, 'kyber', 'pancakeswap', '0.004', 'profit', '2021-11-18 16:03:20'),
(536, 5, 'apeswap', 'mdex', '0.002', 'profit', '2021-11-18 16:03:23'),
(537, 6, 'sushiswap', 'mdex', '0.002', 'profit', '2021-11-18 16:03:26'),
(538, 7, 'kyber', 'mdex', '0.003', 'profit', '2021-11-18 16:03:32'),
(539, 8, 'sushiswap', 'apeswap', '-0.001', 'loss', '2021-11-18 16:03:34'),
(540, 8, 'apeswap', 'sushiswap', '-0.001', 'loss', '2021-11-18 16:03:34'),
(541, 9, 'kyber', 'apeswap', '0.000', 'loss', '2021-11-18 16:03:40'),
(542, 9, 'apeswap', 'kyber', '-0.002', 'loss', '2021-11-18 16:03:40'),
(543, 10, 'kyber', 'sushiswap', '0.000', 'loss', '2021-11-18 16:03:45'),
(544, 10, 'sushiswap', 'kyber', '-0.002', 'loss', '2021-11-18 16:03:45'),
(545, 11, 'mdex', 'pancakeswap', '-0.751', 'loss', '2021-11-18 16:03:50'),
(546, 11, 'pancakeswap', 'mdex', '-0.513', 'loss', '2021-11-18 16:03:50'),
(547, 12, 'alitaswap', 'pancakeswap', '-0.655', 'loss', '2021-11-18 16:03:53'),
(548, 12, 'pancakeswap', 'alitaswap', '-0.323', 'loss', '2021-11-18 16:03:53'),
(549, 1, 'mdex', 'pancakeswap', '-0.002', 'loss', '2021-11-19 15:40:07'),
(550, 1, 'pancakeswap', 'mdex', '-0.002', 'loss', '2021-11-19 15:40:07'),
(551, 2, 'apeswap', 'pancakeswap', '0.004', 'profit', '2021-11-19 15:40:09'),
(552, 3, 'sushiswap', 'pancakeswap', '0.004', 'profit', '2021-11-19 15:40:14'),
(553, 4, 'kyber', 'pancakeswap', '0.004', 'profit', '2021-11-19 15:40:22'),
(554, 5, 'apeswap', 'mdex', '0.003', 'profit', '2021-11-19 15:40:24'),
(555, 6, 'sushiswap', 'mdex', '0.003', 'profit', '2021-11-19 15:40:28'),
(556, 7, 'kyber', 'mdex', '0.004', 'profit', '2021-11-19 15:40:35'),
(557, 8, 'sushiswap', 'apeswap', '-0.001', 'loss', '2021-11-19 15:40:38'),
(558, 8, 'apeswap', 'sushiswap', '-0.001', 'loss', '2021-11-19 15:40:38'),
(559, 9, 'kyber', 'apeswap', '-0.001', 'loss', '2021-11-19 15:40:45'),
(560, 9, 'apeswap', 'kyber', '-0.002', 'loss', '2021-11-19 15:40:45'),
(561, 10, 'kyber', 'sushiswap', '-0.001', 'loss', '2021-11-19 15:40:53'),
(562, 10, 'sushiswap', 'kyber', '-0.002', 'loss', '2021-11-19 15:40:53'),
(563, 11, 'mdex', 'pancakeswap', '-0.479', 'loss', '2021-11-19 15:40:57'),
(564, 11, 'pancakeswap', 'mdex', '-0.778', 'loss', '2021-11-19 15:40:57'),
(565, 12, 'alitaswap', 'pancakeswap', '-0.374', 'loss', '2021-11-19 15:40:59'),
(566, 12, 'pancakeswap', 'alitaswap', '-0.602', 'loss', '2021-11-19 15:40:59'),
(567, 13, 'apeswap', 'pancakeswap', '-0.436', 'loss', '2021-11-19 15:41:02'),
(568, 13, 'pancakeswap', 'apeswap', '-0.541', 'loss', '2021-11-19 15:41:02'),
(569, 14, 'alitaswap', 'mdex', '-0.578', 'loss', '2021-11-19 15:41:05'),
(570, 14, 'mdex', 'alitaswap', '-0.506', 'loss', '2021-11-19 15:41:05'),
(571, 15, 'apeswap', 'mdex', '-0.639', 'loss', '2021-11-19 15:41:07'),
(572, 15, 'mdex', 'apeswap', '-0.446', 'loss', '2021-11-19 15:41:07'),
(573, 16, 'apeswap', 'alitaswap', '-0.463', 'loss', '2021-11-19 15:41:10'),
(574, 16, 'alitaswap', 'apeswap', '-0.341', 'loss', '2021-11-19 15:41:10'),
(575, 17, 'mdex', 'pancakeswap', '-0.530', 'loss', '2021-11-19 15:41:13'),
(576, 17, 'pancakeswap', 'mdex', '-0.417', 'loss', '2021-11-19 15:41:13'),
(577, 18, 'alitaswap', 'pancakeswap', '-0.123', 'loss', '2021-11-19 15:41:17'),
(578, 18, 'pancakeswap', 'alitaswap', '-0.013', 'loss', '2021-11-19 15:41:17'),
(579, 19, 'sushiswap', 'pancakeswap', '-0.118', 'loss', '2021-11-19 15:41:20'),
(580, 19, 'pancakeswap', 'sushiswap', '-0.045', 'loss', '2021-11-19 15:41:20'),
(581, 20, 'apeswap', 'pancakeswap', '-0.096', 'loss', '2021-11-19 15:41:23'),
(582, 20, 'pancakeswap', 'apeswap', '-0.040', 'loss', '2021-11-19 15:41:23'),
(583, 21, 'alitaswap', 'mdex', '-0.459', 'loss', '2021-11-19 15:41:26'),
(584, 21, 'mdex', 'alitaswap', '-0.460', 'loss', '2021-11-19 15:41:26'),
(585, 22, 'sushiswap', 'mdex', '-0.453', 'loss', '2021-11-19 15:41:28'),
(586, 22, 'mdex', 'sushiswap', '-0.493', 'loss', '2021-11-19 15:41:28'),
(587, 23, 'apeswap', 'mdex', '-0.432', 'loss', '2021-11-19 15:41:31'),
(588, 23, 'mdex', 'apeswap', '-0.487', 'loss', '2021-11-19 15:41:31'),
(589, 24, 'sushiswap', 'alitaswap', '-0.048', 'loss', '2021-11-19 15:41:33'),
(590, 24, 'alitaswap', 'sushiswap', '-0.087', 'loss', '2021-11-19 15:41:33'),
(591, 25, 'apeswap', 'alitaswap', '-0.027', 'loss', '2021-11-19 15:41:36'),
(592, 25, 'alitaswap', 'apeswap', '-0.081', 'loss', '2021-11-19 15:41:36'),
(593, 26, 'apeswap', 'sushiswap', '-0.060', 'loss', '2021-11-19 15:41:38'),
(594, 26, 'sushiswap', 'apeswap', '-0.075', 'loss', '2021-11-19 15:41:38'),
(595, 27, 'mdex', 'pancakeswap', '-374.239', 'loss', '2021-11-19 15:41:41'),
(596, 27, 'pancakeswap', 'mdex', '-382.575', 'loss', '2021-11-19 15:41:41'),
(597, 28, 'pancakeswap', 'apeswap', '194.317', 'profit', '2021-11-19 15:41:44'),
(598, 29, 'apeswap', 'mdex', '-620.591', 'loss', '2021-11-19 15:41:47'),
(599, 29, 'mdex', 'apeswap', '-113.700', 'loss', '2021-11-19 15:41:47'),
(600, 30, 'mdex', 'pancakeswap', '-0.003', 'loss', '2021-11-19 15:41:50'),
(601, 30, 'pancakeswap', 'mdex', '-0.003', 'loss', '2021-11-19 15:41:50'),
(602, 31, 'mdex', 'pancakeswap', '-0.001', 'loss', '2021-11-19 15:41:53'),
(603, 31, 'pancakeswap', 'mdex', '-0.001', 'loss', '2021-11-19 15:41:53'),
(604, 32, 'pancakeswap', 'pancakeswap', '-0.001', 'loss', '2021-11-19 15:41:58'),
(605, 32, 'pancakeswap', 'pancakeswap', '-0.001', 'loss', '2021-11-19 15:41:58'),
(606, 33, 'pancakeswap', 'mdex', '-0.001', 'loss', '2021-11-19 15:42:01'),
(607, 33, 'mdex', 'pancakeswap', '-0.001', 'loss', '2021-11-19 15:42:01'),
(608, 34, 'apeswap', 'pancakeswap', '0.004', 'profit', '2021-11-19 15:42:04'),
(609, 35, 'mdex', 'pancakeswap', '-0.004', 'loss', '2021-11-19 15:42:07'),
(610, 35, 'pancakeswap', 'mdex', '-0.004', 'loss', '2021-11-19 15:42:07'),
(611, 36, 'sushiswap', 'pancakeswap', '0.005', 'profit', '2021-11-19 15:42:11'),
(612, 37, 'alitaswap', 'pancakeswap', '0.004', 'profit', '2021-11-19 15:42:15'),
(613, 38, 'apeswap', 'mdex', '0.001', 'profit', '2021-11-19 15:42:18'),
(614, 39, 'sushiswap', 'apeswap', '-0.002', 'loss', '2021-11-19 15:42:21'),
(615, 39, 'apeswap', 'sushiswap', '-0.001', 'loss', '2021-11-19 15:42:21'),
(616, 40, 'alitaswap', 'apeswap', '-0.002', 'loss', '2021-11-19 15:42:23'),
(617, 40, 'apeswap', 'alitaswap', '-0.001', 'loss', '2021-11-19 15:42:23'),
(618, 41, 'sushiswap', 'mdex', '0.001', 'profit', '2021-11-19 15:42:26'),
(619, 42, 'alitaswap', 'mdex', '0.001', 'profit', '2021-11-19 15:42:28'),
(620, 43, 'alitaswap', 'sushiswap', '-0.001', 'loss', '2021-11-19 15:42:31'),
(621, 43, 'sushiswap', 'alitaswap', '0.000', 'loss', '2021-11-19 15:42:31'),
(622, 44, 'alitaswap', 'pancakeswap', '0.017', 'profit', '2021-11-19 15:42:33'),
(623, 45, 'pancakeswap', 'apeswap', '44.576', 'profit', '2021-11-19 15:42:38'),
(624, 46, 'mdex', 'pancakeswap', '-391.804', 'loss', '2021-11-19 15:42:43'),
(625, 46, 'pancakeswap', 'mdex', '-361.539', 'loss', '2021-11-19 15:42:43'),
(626, 47, 'mdex', 'apeswap', '-327.497', 'loss', '2021-11-19 15:42:45'),
(627, 47, 'apeswap', 'mdex', '-421.608', 'loss', '2021-11-19 15:42:45'),
(628, 48, 'apeswap', 'pancakeswap', '-0.208', 'loss', '2021-11-19 15:42:50'),
(629, 48, 'pancakeswap', 'apeswap', '-0.885', 'loss', '2021-11-19 15:42:50'),
(630, 1, 'mdex', 'pancakeswap', '-0.002', 'loss', '2021-11-19 15:45:04'),
(631, 1, 'pancakeswap', 'mdex', '-0.002', 'loss', '2021-11-19 15:45:04'),
(632, 2, 'apeswap', 'pancakeswap', '0.004', 'profit', '2021-11-19 15:45:09'),
(633, 3, 'sushiswap', 'pancakeswap', '0.004', 'profit', '2021-11-19 15:45:13'),
(634, 4, 'kyber', 'pancakeswap', '0.004', 'profit', '2021-11-19 15:45:20'),
(635, 5, 'apeswap', 'mdex', '0.003', 'profit', '2021-11-19 15:45:23'),
(636, 6, 'sushiswap', 'mdex', '0.003', 'profit', '2021-11-19 15:45:27'),
(637, 7, 'kyber', 'mdex', '0.004', 'profit', '2021-11-19 15:45:35'),
(638, 8, 'sushiswap', 'apeswap', '-0.001', 'loss', '2021-11-19 15:45:40'),
(639, 8, 'apeswap', 'sushiswap', '-0.001', 'loss', '2021-11-19 15:45:40'),
(640, 9, 'kyber', 'apeswap', '-0.001', 'loss', '2021-11-19 15:45:48'),
(641, 9, 'apeswap', 'kyber', '-0.002', 'loss', '2021-11-19 15:45:48'),
(642, 10, 'kyber', 'sushiswap', '-0.001', 'loss', '2021-11-19 15:45:56'),
(643, 10, 'sushiswap', 'kyber', '-0.002', 'loss', '2021-11-19 15:45:56'),
(644, 11, 'mdex', 'pancakeswap', '-0.706', 'loss', '2021-11-19 15:45:59'),
(645, 11, 'pancakeswap', 'mdex', '-0.550', 'loss', '2021-11-19 15:45:59');

-- --------------------------------------------------------

--
-- Table structure for table `dex`
--

CREATE TABLE `dex` (
  `id` int(11) NOT NULL,
  `exchange` varchar(60) NOT NULL,
  `class` tinytext NOT NULL,
  `created_on` datetime NOT NULL,
  `updated` datetime NOT NULL
) ENGINE=InnoDB DEFAULT CHARSET=utf8;

--
-- Dumping data for table `dex`
--

INSERT INTO `dex` (`id`, `exchange`, `class`, `created_on`, `updated`) VALUES
(1, 'pancakeswap', 'Pancakeswap()', '2021-10-06 06:38:32', '2021-10-06 06:38:32'),
(2, 'kyber', 'Kyber()', '2021-10-06 06:38:32', '2021-10-06 06:38:32'),
(3, 'mdex', 'Mdex()', '2021-10-06 06:38:32', '2021-10-06 06:38:32'),
(4, 'apeswap', 'apeswap()', '2021-10-29 07:06:22', '2021-10-29 07:06:22'),
(5, 'sushiswap', 'sushiswap()', '2021-11-01 08:06:41', '2021-11-01 08:06:41'),
(6, 'alitaswap', 'alitaswap()', '2021-11-02 07:34:33', '2021-11-02 07:34:33');

-- --------------------------------------------------------

--
-- Table structure for table `pairs`
--

CREATE TABLE `pairs` (
  `id` int(11) NOT NULL,
  `display` varchar(60) NOT NULL,
  `base_coin_id` int(11) DEFAULT NULL,
  `quote_coin_id` int(11) DEFAULT NULL,
  `created_on` datetime NOT NULL DEFAULT CURRENT_TIMESTAMP,
  `updated` datetime NOT NULL DEFAULT CURRENT_TIMESTAMP
) ENGINE=InnoDB DEFAULT CHARSET=utf8;

--
-- Dumping data for table `pairs`
--

INSERT INTO `pairs` (`id`, `display`, `base_coin_id`, `quote_coin_id`, `created_on`, `updated`) VALUES
(1, 'BNB/USDT', 1, 2, '2021-10-06 06:45:09', '2021-10-06 06:45:09'),
(2, 'BUSD/USDT', 3, 2, '2021-10-06 07:06:00', '2021-10-06 07:06:00'),
(3, 'ETH/BNB', 4, 1, '2021-10-06 07:07:36', '2021-10-06 07:07:36'),
(4, 'WBNB/BTCB', 1, 5, '2021-10-25 15:45:34', '2021-10-25 15:45:34'),
(5, 'ETH/USDT', 4, 2, '2021-10-26 16:02:56', '2021-10-26 16:02:56'),
(6, 'BTCB/USDT', 5, 2, '2021-10-26 16:02:56', '2021-10-26 16:02:56'),
(7, 'WBNB/BUSD', 1, 3, '2021-11-03 13:48:21', '2021-11-03 13:48:21'),
(8, 'BTCB/WBNB', 5, 1, '2021-11-03 13:48:21', '2021-11-03 13:48:21'),
(9, 'CAKE/WBNB', 6, 1, '2021-11-03 14:01:23', '2021-11-03 14:01:23'),
(10, 'USDC/BUSD', 7, 3, '2021-11-03 14:01:23', '2021-11-03 14:01:23');

-- --------------------------------------------------------

--
-- Table structure for table `pair_to_dex`
--

CREATE TABLE `pair_to_dex` (
  `id` int(11) NOT NULL,
  `pair_id` int(11) NOT NULL,
  `dex_id` int(11) NOT NULL,
  `created_on` timestamp NOT NULL DEFAULT CURRENT_TIMESTAMP,
  `updated` timestamp NOT NULL DEFAULT CURRENT_TIMESTAMP ON UPDATE CURRENT_TIMESTAMP
) ENGINE=InnoDB DEFAULT CHARSET=utf8;

--
-- Dumping data for table `pair_to_dex`
--

INSERT INTO `pair_to_dex` (`id`, `pair_id`, `dex_id`, `created_on`, `updated`) VALUES
(1, 1, 1, '2021-10-07 07:11:26', '2021-10-07 07:11:26'),
(2, 2, 1, '2021-10-11 07:59:37', '2021-10-11 07:59:37'),
(3, 3, 1, '2021-10-11 07:59:37', '2021-10-11 07:59:37'),
(4, 1, 3, '2021-10-14 02:51:37', '2021-11-03 07:52:21'),
(5, 2, 3, '2021-10-14 02:51:37', '2021-11-03 07:52:29'),
(6, 3, 3, '2021-10-14 02:51:37', '2021-11-03 07:52:32'),
(7, 4, 1, '2021-10-25 07:46:41', '2021-11-03 07:52:34'),
(8, 4, 3, '2021-10-25 07:46:41', '2021-11-03 07:52:36'),
(9, 5, 1, '2021-10-26 08:05:34', '2021-11-03 07:52:38'),
(10, 6, 1, '2021-10-26 08:05:34', '2021-11-03 07:52:40'),
(11, 5, 3, '2021-10-26 08:05:34', '2021-11-03 07:52:43'),
(12, 6, 3, '2021-10-26 08:05:34', '2021-11-03 07:52:45'),
(13, 1, 4, '2021-10-29 07:07:22', '2021-11-03 07:52:46'),
(14, 1, 5, '2021-11-01 08:07:23', '2021-11-03 07:52:48'),
(15, 2, 6, '2021-11-02 07:35:45', '2021-11-03 07:52:50'),
(16, 1, 2, '2021-11-02 07:37:26', '2021-11-03 07:52:52'),
(17, 6, 1, '2021-11-03 05:56:27', '2021-11-03 07:52:54'),
(18, 7, 1, '2021-11-03 05:56:27', '2021-11-03 07:52:57'),
(19, 8, 1, '2021-11-03 05:56:27', '2021-11-03 07:52:59'),
(20, 9, 1, '2021-11-03 06:02:26', '2021-11-03 07:53:01'),
(21, 10, 1, '2021-11-03 06:02:26', '2021-11-03 07:53:03'),
(22, 7, 3, '2021-11-03 06:04:35', '2021-11-03 07:53:04'),
(23, 9, 3, '2021-11-03 06:05:24', '2021-11-03 07:53:06'),
(24, 2, 4, '2021-11-03 06:11:14', '2021-11-03 07:53:08'),
(25, 3, 4, '2021-11-03 06:11:14', '2021-11-03 07:53:09'),
(26, 4, 4, '2021-11-03 06:11:14', '2021-11-05 00:45:22'),
(27, 7, 4, '2021-11-03 06:11:14', '2021-11-05 00:45:26'),
(28, 9, 4, '2021-11-03 06:11:14', '2021-11-05 00:45:29'),
(29, 10, 4, '2021-11-03 06:11:14', '2021-11-05 00:45:32'),
(30, 3, 5, '2021-11-03 06:13:36', '2021-11-05 00:45:34'),
(31, 7, 5, '2021-11-03 06:13:36', '2021-11-05 00:45:36'),
(32, 3, 6, '2021-11-03 06:15:34', '2021-11-05 00:45:38'),
(33, 7, 6, '2021-11-03 06:15:34', '2021-11-05 00:45:40'),
(34, 8, 6, '2021-11-03 06:15:34', '2021-11-05 00:45:42');

-- --------------------------------------------------------

--
-- Stand-in structure for view `pair_to_dex_join_exchange`
-- (See below for the actual view)
--
CREATE TABLE `pair_to_dex_join_exchange` (
`id` int(11)
,`pair_id` int(11)
,`dex_id` int(11)
,`base_coin_id` int(11)
,`quote_coin_id` int(11)
,`exchange` varchar(60)
);

-- --------------------------------------------------------

--
-- Table structure for table `prices`
--

CREATE TABLE `prices` (
  `id` int(11) NOT NULL,
  `buy_price` decimal(24,8) DEFAULT NULL,
  `sell_price` decimal(24,8) DEFAULT NULL,
  `created_at` datetime NOT NULL DEFAULT CURRENT_TIMESTAMP,
  `updated_at` datetime NOT NULL DEFAULT CURRENT_TIMESTAMP,
  `pair_dex_id` int(11) NOT NULL
) ENGINE=InnoDB DEFAULT CHARSET=utf8;

--
-- Dumping data for table `prices`
--

INSERT INTO `prices` (`id`, `buy_price`, `sell_price`, `created_at`, `updated_at`, `pair_dex_id`) VALUES
(1, '553.61131469', '550.40430318', '2021-11-03 15:57:02', '2021-11-03 15:57:02', 1),
(2, '1.00186042', '0.99586175', '2021-11-03 15:57:04', '2021-11-03 15:57:04', 2),
(3, '8.33940029', '8.28866515', '2021-11-03 15:57:07', '2021-11-03 15:57:07', 3),
(4, '555.96862052', '548.84815898', '2021-11-03 15:57:08', '2021-11-03 15:57:08', 4),
(5, '1.00293285', '0.99600663', '2021-11-03 15:57:10', '2021-11-03 15:57:10', 5),
(6, '8.45502034', '8.13998081', '2021-11-03 15:57:11', '2021-11-03 15:57:11', 6),
(7, '0.00879317', '0.00873519', '2021-11-03 15:57:14', '2021-11-03 15:57:14', 7),
(8, '0.00893129', '0.00858208', '2021-11-03 15:57:17', '2021-11-03 15:57:17', 8),
(9, '5092.77783384', '4121.01991699', '2021-11-03 15:57:18', '2021-11-03 15:57:18', 9),
(10, '300003.97863469', '13434.91692174', '2021-11-03 15:57:20', '2021-11-03 15:57:20', 10),
(11, '4599.73788726', '4564.27089000', '2021-11-03 15:57:21', '2021-11-03 15:57:21', 11),
(12, '63273.74204836', '62777.29081000', '2021-11-03 15:57:23', '2021-11-03 15:57:23', 12),
(13, '554.44266490', '551.23206389', '2021-11-03 16:06:04', '2021-11-03 16:06:04', 1),
(14, '1.00203427', '0.99603511', '2021-11-03 16:06:08', '2021-11-03 16:06:08', 2),
(15, '8.33743276', '8.28671519', '2021-11-03 16:06:10', '2021-11-03 16:06:10', 3),
(16, '556.57964798', '549.46180105', '2021-11-03 16:06:11', '2021-11-03 16:06:11', 4),
(17, '1.00298661', '0.99606053', '2021-11-03 16:06:13', '2021-11-03 16:06:13', 5),
(18, '8.45502034', '8.14014003', '2021-11-03 16:06:15', '2021-11-03 16:06:15', 6),
(19, '0.00878222', '0.00872431', '2021-11-03 16:06:18', '2021-11-03 16:06:18', 7),
(20, '0.00892956', '0.00858060', '2021-11-03 16:06:21', '2021-11-03 16:06:21', 8),
(21, '5101.97277387', '4131.22947875', '2021-11-03 16:06:22', '2021-11-03 16:06:22', 9),
(22, '299503.20851668', '13517.87705716', '2021-11-03 16:06:23', '2021-11-03 16:06:23', 10),
(23, '4605.72466950', '4570.23826532', '2021-11-03 16:06:24', '2021-11-03 16:06:24', 11),
(24, '63363.01261950', '62866.26019560', '2021-11-03 16:06:25', '2021-11-03 16:06:25', 12),
(25, '556.97556207', '553.77675112', '2021-11-05 09:06:02', '2021-11-05 09:06:02', 1),
(26, '1.00180816', '0.99586773', '2021-11-05 09:06:07', '2021-11-05 09:06:07', 2),
(27, '8.08381793', '8.03496934', '2021-11-05 09:06:10', '2021-11-05 09:06:10', 3),
(28, '559.17084537', '551.96321922', '2021-11-05 09:06:11', '2021-11-05 09:06:11', 4),
(29, '1.00275528', '0.99582309', '2021-11-05 09:06:13', '2021-11-05 09:06:13', 5),
(30, '8.27041140', '7.89791684', '2021-11-05 09:06:16', '2021-11-05 09:06:16', 6),
(31, '0.00914583', '0.00908668', '2021-11-05 09:06:19', '2021-11-05 09:06:19', 7),
(32, '0.00929532', '0.00891815', '2021-11-05 09:06:22', '2021-11-05 09:06:22', 8),
(33, '5000.19748858', '4028.04243980', '2021-11-05 09:06:23', '2021-11-05 09:06:23', 9),
(34, '251458.06435647', '14803.17719293', '2021-11-05 09:06:25', '2021-11-05 09:06:25', 10),
(35, '4499.47804577', '4463.98348127', '2021-11-05 09:06:26', '2021-11-05 09:06:26', 11),
(36, '61240.67879351', '60758.27985142', '2021-11-05 09:06:27', '2021-11-05 09:06:27', 12),
(37, '557.14560536', '553.94619071', '2021-11-05 09:09:04', '2021-11-05 09:09:04', 1),
(38, '1.00226684', '0.99632443', '2021-11-05 09:09:05', '2021-11-05 09:09:05', 2),
(39, '8.08362342', '8.03477626', '2021-11-05 09:09:07', '2021-11-05 09:09:07', 3),
(40, '559.40927821', '552.20213442', '2021-11-05 09:09:08', '2021-11-05 09:09:08', 4),
(41, '1.00276770', '0.99583615', '2021-11-05 09:09:11', '2021-11-05 09:09:11', 5),
(42, '8.26994316', '7.89747895', '2021-11-05 09:09:13', '2021-11-05 09:09:13', 6),
(43, '0.00914570', '0.00908655', '2021-11-05 09:09:15', '2021-11-05 09:09:15', 7),
(44, '0.00929533', '0.00891815', '2021-11-05 09:09:16', '2021-11-05 09:09:16', 8),
(45, '4997.69952047', '4026.80023097', '2021-11-05 09:09:17', '2021-11-05 09:09:17', 9),
(46, '249668.48570556', '14718.36744574', '2021-11-05 09:09:19', '2021-11-05 09:09:19', 10),
(47, '4499.47009654', '4463.98373173', '2021-11-05 09:09:19', '2021-11-05 09:09:19', 11),
(48, '61248.88426185', '60766.52389841', '2021-11-05 09:09:21', '2021-11-05 09:09:21', 12),
(49, '652.03366295', '648.21678983', '2021-11-09 10:18:04', '2021-11-09 10:18:04', 1),
(50, '1.00336547', '0.99735196', '2021-11-09 10:18:07', '2021-11-09 10:18:07', 2),
(51, '7.40399790', '7.35789322', '2021-11-09 10:18:09', '2021-11-09 10:18:09', 3),
(52, '653.74130414', '644.63932280', '2021-11-09 10:18:10', '2021-11-09 10:18:10', 4),
(53, '1.00283057', '0.99574981', '2021-11-09 10:18:12', '2021-11-09 10:18:12', 5),
(54, '7.58330097', '7.16611931', '2021-11-09 10:18:14', '2021-11-09 10:18:14', 6),
(55, '0.00965286', '0.00958726', '2021-11-09 10:18:16', '2021-11-09 10:18:16', 7),
(56, '0.00992570', '0.00935741', '2021-11-09 10:18:19', '2021-11-09 10:18:19', 8),
(57, '5404.64967365', '4252.53629773', '2021-11-09 10:18:20', '2021-11-09 10:18:20', 9),
(58, '111806.50598981', '40695.12977700', '2021-11-09 10:18:21', '2021-11-09 10:18:21', 10),
(59, '4818.57008497', '4770.05809373', '2021-11-09 10:18:23', '2021-11-09 10:18:23', 11),
(60, '67853.82229432', '67205.79461598', '2021-11-09 10:18:24', '2021-11-09 10:18:24', 12),
(61, '650.05178792', '646.24879987', '2021-11-09 10:33:04', '2021-11-09 10:33:04', 1),
(62, '1.00339346', '0.99738091', '2021-11-09 10:33:07', '2021-11-09 10:33:07', 2),
(63, '7.41134458', '7.36521502', '2021-11-09 10:33:09', '2021-11-09 10:33:09', 3),
(64, '652.62365603', '643.55858914', '2021-11-09 10:33:10', '2021-11-09 10:33:10', 4),
(65, '1.00279747', '0.99572044', '2021-11-09 10:33:12', '2021-11-09 10:33:12', 5),
(66, '7.59371567', '7.17677939', '2021-11-09 10:33:15', '2021-11-09 10:33:15', 6),
(67, '649.10947651', '645.30993340', '2021-11-09 10:39:04', '2021-11-09 10:39:04', 1),
(68, '1.00352685', '0.99750977', '2021-11-09 10:39:07', '2021-11-09 10:39:07', 2),
(69, '7.40387142', '7.35778667', '2021-11-09 10:39:08', '2021-11-09 10:39:08', 3),
(70, '652.44811426', '643.36600370', '2021-11-09 10:39:09', '2021-11-09 10:39:09', 4),
(71, '1.00281137', '0.99573154', '2021-11-09 10:39:11', '2021-11-09 10:39:11', 5),
(72, '7.59371567', '7.17671224', '2021-11-09 10:39:13', '2021-11-09 10:39:13', 6),
(73, '0.00962494', '0.00955954', '2021-11-09 10:39:16', '2021-11-09 10:39:16', 7),
(74, '0.00987780', '0.00931274', '2021-11-09 10:39:18', '2021-11-09 10:39:18', 8),
(75, '5381.38029376', '4237.44168466', '2021-11-09 10:39:20', '2021-11-09 10:39:20', 9),
(76, '111728.49448818', '40713.57985206', '2021-11-09 10:39:22', '2021-11-09 10:39:22', 10),
(77, '4817.31421531', '4768.86416016', '2021-11-09 10:39:23', '2021-11-09 10:39:23', 11),
(78, '67810.14458278', '67162.93719915', '2021-11-09 10:39:24', '2021-11-09 10:39:24', 12),
(79, '648.92235794', '645.12560043', '2021-11-09 10:45:03', '2021-11-09 10:45:03', 1),
(80, '1.00309750', '0.99708568', '2021-11-09 10:45:05', '2021-11-09 10:45:05', 2),
(81, '7.40551760', '7.35942429', '2021-11-09 10:45:07', '2021-11-09 10:45:07', 3),
(82, '651.90373497', '642.83332970', '2021-11-09 10:45:08', '2021-11-09 10:45:08', 4),
(83, '649.58956802', '645.78890846', '2021-11-09 10:47:02', '2021-11-09 10:47:02', 1),
(84, '1.00309301', '0.99708122', '2021-11-09 10:47:05', '2021-11-09 10:47:05', 2),
(85, '7.40483693', '7.35875235', '2021-11-09 10:47:08', '2021-11-09 10:47:08', 3),
(86, '652.64518240', '643.56446697', '2021-11-09 10:47:09', '2021-11-09 10:47:09', 4),
(87, '649.68725930', '645.88584035', '2021-11-09 10:49:03', '2021-11-09 10:49:03', 1),
(88, '1.00306127', '0.99704755', '2021-11-09 10:49:05', '2021-11-09 10:49:05', 2),
(89, '7.40932572', '7.36321072', '2021-11-09 10:49:08', '2021-11-09 10:49:08', 3),
(90, '652.64695121', '643.56446697', '2021-11-09 10:49:09', '2021-11-09 10:49:09', 4),
(91, '650.28154261', '646.47664780', '2021-11-09 10:51:02', '2021-11-09 10:51:02', 1),
(92, '1.00270283', '0.99669125', '2021-11-09 10:51:05', '2021-11-09 10:51:05', 2),
(93, '7.41044834', '7.36432524', '2021-11-09 10:51:09', '2021-11-09 10:51:09', 3),
(94, '653.16984459', '644.08135762', '2021-11-09 10:51:11', '2021-11-09 10:51:11', 4),
(95, '651.23508986', '647.42453291', '2021-11-09 10:56:02', '2021-11-09 10:56:02', 1),
(96, '1.00287447', '0.99686134', '2021-11-09 10:56:04', '2021-11-09 10:56:04', 2),
(97, '7.40809526', '7.36198295', '2021-11-09 10:56:07', '2021-11-09 10:56:07', 3),
(98, '653.46601178', '644.37078780', '2021-11-09 10:56:08', '2021-11-09 10:56:08', 4),
(99, '1.00305954', '0.99597841', '2021-11-09 10:56:10', '2021-11-09 10:56:10', 5),
(100, '7.59255722', '7.17482143', '2021-11-09 10:56:13', '2021-11-09 10:56:13', 6),
(101, '0.00963872', '0.00957323', '2021-11-09 10:56:15', '2021-11-09 10:56:15', 7),
(102, '0.00988067', '0.00931532', '2021-11-09 10:56:17', '2021-11-09 10:56:17', 8),
(103, '5398.44157877', '4250.98663583', '2021-11-09 10:56:18', '2021-11-09 10:56:18', 9),
(104, '112575.64969764', '41035.85411980', '2021-11-09 10:56:19', '2021-11-09 10:56:19', 10),
(105, '4816.67933676', '4768.23683259', '2021-11-09 10:56:21', '2021-11-09 10:56:21', 11),
(106, '67856.72469179', '67209.10551313', '2021-11-09 10:56:22', '2021-11-09 10:56:22', 12),
(107, '639.62738594', '635.89189102', '2021-11-10 14:59:04', '2021-11-10 14:59:04', 1),
(108, '1.00200775', '0.99605465', '2021-11-10 14:59:07', '2021-11-10 14:59:07', 2),
(109, '576.25314878', '572.91087918', '2021-11-17 11:52:04', '2021-11-17 11:52:04', 1),
(110, '1.00196125', '0.99619341', '2021-11-17 11:52:07', '2021-11-17 11:52:07', 2),
(111, '7.24203532', '7.19732158', '2021-11-17 11:52:09', '2021-11-17 11:52:09', 3),
(112, '579.44846402', '571.63715929', '2021-11-17 11:52:11', '2021-11-17 11:52:11', 4),
(113, '1.00318052', '0.99631969', '2021-11-17 11:52:14', '2021-11-17 11:52:14', 5),
(114, '575.78860534', '572.44903363', '2021-11-17 11:54:03', '2021-11-17 11:54:03', 1),
(115, '1.00212176', '0.99635300', '2021-11-17 11:54:05', '2021-11-17 11:54:05', 2),
(116, '7.24309327', '7.19837161', '2021-11-17 11:54:07', '2021-11-17 11:54:07', 3),
(117, '579.26369316', '571.45488198', '2021-11-17 11:54:08', '2021-11-17 11:54:08', 4),
(118, '1.00318232', '0.99632148', '2021-11-17 11:54:10', '2021-11-17 11:54:10', 5),
(119, '7.43472795', '6.99976587', '2021-11-17 11:54:12', '2021-11-17 11:54:12', 6),
(120, '0.00972455', '0.00966087', '2021-11-17 11:54:14', '2021-11-17 11:54:14', 7),
(121, '0.01003797', '0.00939265', '2021-11-17 11:54:15', '2021-11-17 11:54:15', 8),
(122, '4637.41505348', '3701.68997430', '2021-11-17 11:54:16', '2021-11-17 11:54:16', 9),
(123, '85247.21824817', '41041.46412966', '2021-11-17 11:54:17', '2021-11-17 11:54:17', 10),
(124, '4178.14568181', '4134.34250338', '2021-11-17 11:54:19', '2021-11-17 11:54:19', 11),
(125, '576.74757638', '573.40765942', '2021-11-18 14:53:05', '2021-11-18 14:53:05', 1),
(126, '1.00221966', '0.99644746', '2021-11-18 14:53:08', '2021-11-18 14:53:08', 2),
(127, '7.43448356', '7.38926392', '2021-11-18 14:53:10', '2021-11-18 14:53:10', 3),
(128, '578.11231559', '570.32626634', '2021-11-18 14:53:11', '2021-11-18 14:53:11', 4),
(129, '1.00315019', '0.99628753', '2021-11-18 14:53:13', '2021-11-18 14:53:13', 5),
(130, '7.63945882', '7.19741752', '2021-11-18 14:53:16', '2021-11-18 14:53:16', 6),
(131, '0.00964518', '0.00958321', '2021-11-18 14:53:18', '2021-11-18 14:53:18', 7),
(132, '0.00993539', '0.00929721', '2021-11-18 14:53:21', '2021-11-18 14:53:21', 8),
(133, '4751.92501966', '3805.36799099', '2021-11-18 14:53:21', '2021-11-18 14:53:21', 9),
(134, '86054.49936182', '41601.91324949', '2021-11-18 14:53:23', '2021-11-18 14:53:23', 10),
(135, '4273.14217326', '4229.31464213', '2021-11-18 14:53:24', '2021-11-18 14:53:24', 11),
(136, '60126.21378636', '59569.14019611', '2021-11-18 14:53:24', '2021-11-18 14:53:24', 12),
(137, '576.43885446', '573.10074193', '2021-11-18 14:54:02', '2021-11-18 14:54:02', 1),
(138, '1.00172408', '0.99595476', '2021-11-18 14:54:03', '2021-11-18 14:54:03', 2),
(139, '7.43387404', '7.38865825', '2021-11-18 14:54:05', '2021-11-18 14:54:05', 3),
(140, '578.11224029', '570.32634098', '2021-11-18 14:54:06', '2021-11-18 14:54:06', 4),
(141, '1.00315019', '0.99628753', '2021-11-18 14:54:08', '2021-11-18 14:54:08', 5),
(142, '7.63945882', '7.19742411', '2021-11-18 14:54:09', '2021-11-18 14:54:09', 6),
(143, '0.00964519', '0.00958322', '2021-11-18 14:54:10', '2021-11-18 14:54:10', 7),
(144, '0.00993538', '0.00929721', '2021-11-18 14:54:11', '2021-11-18 14:54:11', 8),
(145, '4751.90810629', '3805.38157832', '2021-11-18 14:54:12', '2021-11-18 14:54:12', 9),
(146, '86053.59787081', '41602.35091138', '2021-11-18 14:54:14', '2021-11-18 14:54:14', 10),
(147, '4273.14185570', '4229.31495739', '2021-11-18 14:54:15', '2021-11-18 14:54:15', 11),
(148, '575.03541312', '571.70580179', '2021-11-18 15:14:02', '2021-11-18 15:14:02', 1),
(149, '1.00345583', '0.99767988', '2021-11-18 15:14:05', '2021-11-18 15:14:05', 2),
(150, '7.42972338', '7.38452856', '2021-11-18 15:14:08', '2021-11-18 15:14:08', 3),
(151, '576.25008648', '568.49270327', '2021-11-18 15:14:11', '2021-11-18 15:14:11', 4),
(152, '1.00317410', '0.99631694', '2021-11-18 15:14:13', '2021-11-18 15:14:13', 5),
(153, '7.63788385', '7.19573720', '2021-11-18 15:14:15', '2021-11-18 15:14:15', 6),
(154, '571.33128094', '568.02112242', '2021-11-18 15:26:02', '2021-11-18 15:26:02', 1),
(155, '1.00170552', '0.99593296', '2021-11-18 15:26:05', '2021-11-18 15:26:05', 2),
(156, '7.43158281', '7.38637752', '2021-11-18 15:26:07', '2021-11-18 15:26:07', 3),
(157, '575.95817513', '568.18590835', '2021-11-18 15:26:08', '2021-11-18 15:26:08', 4),
(158, '1.00319039', '0.99632566', '2021-11-18 15:26:10', '2021-11-18 15:26:10', 5),
(159, '7.63788385', '7.19474153', '2021-11-18 15:26:12', '2021-11-18 15:26:12', 6),
(160, '0.00962898', '0.00956713', '2021-11-18 15:26:15', '2021-11-18 15:26:15', 7),
(161, '0.00993464', '0.00929721', '2021-11-18 15:26:17', '2021-11-18 15:26:17', 8),
(162, '4729.81373066', '3782.47004134', '2021-11-18 15:26:19', '2021-11-18 15:26:19', 9),
(163, '85818.62411692', '41431.04688422', '2021-11-18 15:26:20', '2021-11-18 15:26:20', 10),
(164, '4260.34387455', '4216.52633428', '2021-11-18 15:26:22', '2021-11-18 15:26:22', 11),
(165, '60013.76488406', '59457.28427986', '2021-11-18 15:26:23', '2021-11-18 15:26:23', 12),
(166, '572.21864345', '568.90334665', '2021-11-18 15:28:02', '2021-11-18 15:28:02', 1),
(167, '1.00192786', '0.99615783', '2021-11-18 15:28:04', '2021-11-18 15:28:04', 2),
(168, '7.43200831', '7.38679885', '2021-11-18 15:28:06', '2021-11-18 15:28:06', 3),
(169, '575.73600588', '567.96673582', '2021-11-18 15:28:08', '2021-11-18 15:28:08', 4),
(170, '1.00319218', '0.99633167', '2021-11-18 15:28:09', '2021-11-18 15:28:09', 5),
(171, '7.63788385', '7.19474153', '2021-11-18 15:28:12', '2021-11-18 15:28:12', 6),
(172, '0.00962714', '0.00956531', '2021-11-18 15:28:13', '2021-11-18 15:28:13', 7),
(173, '0.00992672', '0.00928981', '2021-11-18 15:28:14', '2021-11-18 15:28:14', 8),
(174, '4735.06625884', '3786.67517699', '2021-11-18 15:28:16', '2021-11-18 15:28:16', 9),
(175, '85842.43282364', '41442.57309844', '2021-11-18 15:28:19', '2021-11-18 15:28:19', 10),
(176, '4260.34387455', '4216.57203954', '2021-11-18 15:28:20', '2021-11-18 15:28:20', 11),
(177, '60013.74312506', '59457.26272256', '2021-11-18 15:28:21', '2021-11-18 15:28:21', 12),
(178, '572.29278564', '568.97933468', '2021-11-18 15:29:02', '2021-11-18 15:29:02', 1),
(179, '1.00222607', '0.99645814', '2021-11-18 15:29:04', '2021-11-18 15:29:04', 2),
(180, '7.43216952', '7.38695908', '2021-11-18 15:29:06', '2021-11-18 15:29:06', 3),
(181, '575.56501783', '567.82108986', '2021-11-18 15:29:07', '2021-11-18 15:29:07', 4),
(182, '572.04611097', '568.73436261', '2021-11-18 15:33:03', '2021-11-18 15:33:03', 1),
(183, '1.00286088', '0.99709021', '2021-11-18 15:33:05', '2021-11-18 15:33:05', 2),
(184, '7.43295224', '7.38773837', '2021-11-18 15:33:07', '2021-11-18 15:33:07', 3),
(185, '575.56415374', '567.82108986', '2021-11-18 15:33:08', '2021-11-18 15:33:08', 4),
(186, '1.00312882', '0.99627399', '2021-11-18 15:33:09', '2021-11-18 15:33:09', 5),
(187, '7.63788385', '7.19576313', '2021-11-18 15:33:10', '2021-11-18 15:33:10', 6),
(188, '0.00962213', '0.00956033', '2021-11-18 15:33:11', '2021-11-18 15:33:11', 7),
(189, '0.00992677', '0.00928981', '2021-11-18 15:33:13', '2021-11-18 15:33:13', 8),
(190, '4717.74073333', '3779.25422194', '2021-11-18 15:33:14', '2021-11-18 15:33:14', 9),
(191, '85514.91725189', '41422.43098981', '2021-11-18 15:33:16', '2021-11-18 15:33:16', 10),
(192, '4260.24169068', '4216.57497964', '2021-11-18 15:33:17', '2021-11-18 15:33:17', 11),
(193, '60009.00322972', '59453.64297563', '2021-11-18 15:33:19', '2021-11-18 15:33:19', 12),
(194, '572.68596320', '569.36848801', '2021-11-18 15:40:02', '2021-11-18 15:40:02', 1),
(195, '1.00208704', '0.99631404', '2021-11-18 15:40:07', '2021-11-18 15:40:07', 2),
(196, '7.43408589', '7.38886751', '2021-11-18 15:40:09', '2021-11-18 15:40:09', 3),
(197, '574.79774488', '567.04602999', '2021-11-18 15:40:11', '2021-11-18 15:40:11', 4),
(198, '1.00314181', '0.99627937', '2021-11-18 15:40:14', '2021-11-18 15:40:14', 5),
(199, '7.63788385', '7.19587556', '2021-11-18 15:40:17', '2021-11-18 15:40:17', 6),
(200, '0.00962207', '0.00956027', '2021-11-18 15:40:19', '2021-11-18 15:40:19', 7),
(201, '0.00992665', '0.00928974', '2021-11-18 15:40:21', '2021-11-18 15:40:21', 8),
(202, '4723.70442359', '3780.80306258', '2021-11-18 15:40:22', '2021-11-18 15:40:22', 9),
(203, '85926.69305983', '41512.90260808', '2021-11-18 15:40:23', '2021-11-18 15:40:23', 10),
(204, '4259.51603653', '4215.78175382', '2021-11-18 15:40:25', '2021-11-18 15:40:25', 11),
(205, '59956.09410175', '59400.37354143', '2021-11-18 15:40:26', '2021-11-18 15:40:26', 12),
(206, '573.13182345', '569.81179268', '2021-11-18 15:45:02', '2021-11-18 15:45:02', 1),
(207, '1.00135839', '0.99558967', '2021-11-18 15:45:05', '2021-11-18 15:45:05', 2),
(208, '7.43393403', '7.38871532', '2021-11-18 15:45:07', '2021-11-18 15:45:07', 3),
(209, '574.61694719', '566.86790042', '2021-11-18 15:45:08', '2021-11-18 15:45:08', 4),
(210, '1.00316923', '0.99630669', '2021-11-18 15:45:11', '2021-11-18 15:45:11', 5),
(211, '7.63459341', '7.19271643', '2021-11-18 15:45:14', '2021-11-18 15:45:14', 6),
(212, '0.00962107', '0.00955927', '2021-11-18 15:45:17', '2021-11-18 15:45:17', 7),
(213, '0.00992405', '0.00928716', '2021-11-18 15:45:19', '2021-11-18 15:45:19', 8),
(214, '4732.01534474', '3787.38273747', '2021-11-18 15:45:20', '2021-11-18 15:45:20', 9),
(215, '85859.08485087', '41475.38042466', '2021-11-18 15:45:21', '2021-11-18 15:45:21', 10),
(216, '4259.51507588', '4215.78372112', '2021-11-18 15:45:23', '2021-11-18 15:45:23', 11),
(217, '59955.55901282', '59399.80353263', '2021-11-18 15:45:25', '2021-11-18 15:45:25', 12),
(218, '573.61531825', '570.29233316', '2021-11-18 15:48:02', '2021-11-18 15:48:02', 1),
(219, '1.00192709', '0.99615838', '2021-11-18 15:48:04', '2021-11-18 15:48:04', 2),
(220, '7.43405458', '7.38883858', '2021-11-18 15:48:05', '2021-11-18 15:48:05', 3),
(221, '575.61813069', '567.85413764', '2021-11-18 15:48:06', '2021-11-18 15:48:06', 4),
(222, '1.00318499', '0.99632599', '2021-11-18 15:48:07', '2021-11-18 15:48:07', 5),
(223, '7.63459341', '7.19287843', '2021-11-18 15:48:09', '2021-11-18 15:48:09', 6),
(224, '0.00962090', '0.00955911', '2021-11-18 15:48:11', '2021-11-18 15:48:11', 7),
(225, '0.00992389', '0.00928716', '2021-11-18 15:48:12', '2021-11-18 15:48:12', 8),
(226, '4732.14943299', '3787.55587247', '2021-11-18 15:48:14', '2021-11-18 15:48:14', 9),
(227, '85757.26691609', '41424.46932547', '2021-11-18 15:48:15', '2021-11-18 15:48:15', 10),
(228, '4259.52132009', '4215.78664857', '2021-11-18 15:48:16', '2021-11-18 15:48:16', 11),
(229, '59955.62636910', '59399.85618413', '2021-11-18 15:48:17', '2021-11-18 15:48:17', 12),
(230, '574.52719344', '571.20064449', '2021-11-18 16:00:05', '2021-11-18 16:00:05', 1),
(231, '1.00352077', '0.99774482', '2021-11-18 16:00:14', '2021-11-18 16:00:14', 2),
(232, '575.08625871', '571.75647260', '2021-11-18 16:03:02', '2021-11-18 16:03:02', 1),
(233, '1.00354289', '0.99776681', '2021-11-18 16:03:06', '2021-11-18 16:03:06', 2),
(234, '7.43181314', '7.38661595', '2021-11-18 16:03:07', '2021-11-18 16:03:07', 3),
(235, '576.86174580', '569.09704493', '2021-11-18 16:03:09', '2021-11-18 16:03:09', 4),
(236, '1.00317349', '0.99631671', '2021-11-18 16:03:12', '2021-11-18 16:03:12', 5),
(237, '7.63459341', '7.19311997', '2021-11-18 16:03:13', '2021-11-18 16:03:13', 6),
(238, '0.00962388', '0.00956207', '2021-11-18 16:03:16', '2021-11-18 16:03:16', 7),
(239, '0.00992390', '0.00928716', '2021-11-18 16:03:18', '2021-11-18 16:03:18', 8),
(240, '4746.99388047', '3802.88469034', '2021-11-18 16:03:19', '2021-11-18 16:03:19', 9),
(241, '85691.99145391', '41486.64348175', '2021-11-18 16:03:20', '2021-11-18 16:03:20', 10),
(242, '4268.15969992', '4224.41588006', '2021-11-18 16:03:21', '2021-11-18 16:03:21', 11),
(243, '59954.88669832', '59399.85245371', '2021-11-18 16:03:22', '2021-11-18 16:03:22', 12),
(244, '571.31401889', '568.00782138', '2021-11-18 17:20:03', '2021-11-18 17:20:03', 1),
(245, '1.00197952', '0.99621108', '2021-11-18 17:20:05', '2021-11-18 17:20:05', 2),
(246, '7.40882066', '7.36375396', '2021-11-18 17:20:08', '2021-11-18 17:20:08', 3),
(247, '574.24685449', '566.52473827', '2021-11-18 17:20:09', '2021-11-18 17:20:09', 4),
(248, '1.00321316', '0.99635483', '2021-11-18 17:20:12', '2021-11-18 17:20:12', 5),
(249, '7.62679133', '7.18514703', '2021-11-18 17:20:14', '2021-11-18 17:20:14', 6),
(250, '0.00962389', '0.00956207', '2021-11-18 17:20:17', '2021-11-18 17:20:17', 7),
(251, '0.00992532', '0.00928793', '2021-11-18 17:20:19', '2021-11-18 17:20:19', 8),
(252, '4703.65000139', '3768.37115072', '2021-11-18 17:20:21', '2021-11-18 17:20:21', 9),
(253, '85372.03597099', '41351.06226503', '2021-11-18 17:20:22', '2021-11-18 17:20:22', 10),
(254, '4239.86139278', '4196.43223317', '2021-11-18 17:20:23', '2021-11-18 17:20:23', 11),
(255, '59743.32173928', '59190.38716516', '2021-11-18 17:20:24', '2021-11-18 17:20:24', 12),
(256, '546.45085065', '543.30025482', '2021-11-19 15:40:03', '2021-11-19 15:40:03', 1),
(257, '1.00093145', '0.99520736', '2021-11-19 15:40:07', '2021-11-19 15:40:07', 2),
(258, '7.46503311', '7.41966773', '2021-11-19 15:40:09', '2021-11-19 15:40:09', 3),
(259, '548.68924812', '541.38347442', '2021-11-19 15:40:11', '2021-11-19 15:40:11', 4),
(260, '1.00310975', '0.99629026', '2021-11-19 15:40:13', '2021-11-19 15:40:13', 5),
(261, '7.65620305', '7.18161256', '2021-11-19 15:40:15', '2021-11-19 15:40:15', 6),
(262, '0.00977221', '0.00970940', '2021-11-19 15:40:18', '2021-11-19 15:40:18', 7),
(263, '0.01008394', '0.00942737', '2021-11-19 15:40:21', '2021-11-19 15:40:21', 8),
(264, '4523.86220307', '3642.03125072', '2021-11-19 15:40:23', '2021-11-19 15:40:23', 9),
(265, '80004.82880169', '39265.29301269', '2021-11-19 15:40:24', '2021-11-19 15:40:24', 10),
(266, '4073.24962366', '4032.00036259', '2021-11-19 15:40:25', '2021-11-19 15:40:25', 11),
(267, '56303.85756762', '55783.11825423', '2021-11-19 15:40:27', '2021-11-19 15:40:27', 12),
(268, '546.88206574', '543.72913216', '2021-11-19 15:45:02', '2021-11-19 15:45:02', 1),
(269, '1.00324417', '0.99750832', '2021-11-19 15:45:04', '2021-11-19 15:45:04', 2),
(270, '7.46373795', '7.41838180', '2021-11-19 15:45:05', '2021-11-19 15:45:05', 3),
(271, '548.54081353', '541.23840618', '2021-11-19 15:45:07', '2021-11-19 15:45:07', 4),
(272, '1.00311126', '0.99629221', '2021-11-19 15:45:08', '2021-11-19 15:45:08', 5),
(273, '7.66687522', '7.19066271', '2021-11-19 15:45:09', '2021-11-19 15:45:09', 6),
(274, '0.00977278', '0.00970996', '2021-11-19 15:45:10', '2021-11-19 15:45:10', 7),
(275, '0.01009351', '0.00943640', '2021-11-19 15:45:12', '2021-11-19 15:45:12', 8),
(276, '4526.40372042', '3644.45954945', '2021-11-19 15:45:14', '2021-11-19 15:45:14', 9),
(277, '79924.06352758', '39237.32088669', '2021-11-19 15:45:15', '2021-11-19 15:45:15', 10),
(278, '4072.59107143', '4031.35713072', '2021-11-19 15:45:17', '2021-11-19 15:45:17', 11),
(279, '56303.79333502', '55783.14595515', '2021-11-19 15:45:18', '2021-11-19 15:45:18', 12),
(280, '546.83690138', '543.68451843', '2021-11-19 15:50:01', '2021-11-19 15:50:01', 1),
(281, '1.00367238', '0.99793534', '2021-11-19 15:50:03', '2021-11-19 15:50:03', 2),
(282, '7.47115097', '7.42575527', '2021-11-19 15:50:04', '2021-11-19 15:50:04', 3),
(283, '548.54824413', '541.24847106', '2021-11-19 15:50:06', '2021-11-19 15:50:06', 4),
(284, '1.00313136', '0.99631357', '2021-11-19 15:50:08', '2021-11-19 15:50:08', 5),
(285, '7.66687522', '7.19098817', '2021-11-19 15:50:10', '2021-11-19 15:50:10', 6),
(286, '0.00977305', '0.00971024', '2021-11-19 15:50:11', '2021-11-19 15:50:11', 7),
(287, '0.01009329', '0.00943640', '2021-11-19 15:50:13', '2021-11-19 15:50:13', 8),
(288, '4526.33198293', '3645.48323448', '2021-11-19 15:50:13', '2021-11-19 15:50:13', 9),
(289, '80107.71717411', '39351.94285532', '2021-11-19 15:50:15', '2021-11-19 15:50:15', 10),
(290, '4072.57947266', '4031.37039542', '2021-11-19 15:50:16', '2021-11-19 15:50:16', 11),
(291, '56303.66700004', '55783.20972951', '2021-11-19 15:50:18', '2021-11-19 15:50:18', 12),
(292, '546.81366708', '543.66149210', '2021-11-19 15:55:01', '2021-11-19 15:55:01', 1),
(293, '1.00131485', '0.99559130', '2021-11-19 15:55:02', '2021-11-19 15:55:02', 2),
(294, '7.47014485', '7.42475396', '2021-11-19 15:55:04', '2021-11-19 15:55:04', 3),
(295, '548.54837064', '541.24847106', '2021-11-19 15:55:05', '2021-11-19 15:55:05', 4),
(296, '1.00313496', '0.99631700', '2021-11-19 15:55:06', '2021-11-19 15:55:06', 5),
(297, '7.66687522', '7.19111169', '2021-11-19 15:55:07', '2021-11-19 15:55:07', 6),
(298, '0.00977235', '0.00970953', '2021-11-19 15:55:08', '2021-11-19 15:55:08', 7),
(299, '0.01010308', '0.00944535', '2021-11-19 15:55:09', '2021-11-19 15:55:09', 8),
(300, '4518.39840389', '3639.29146022', '2021-11-19 15:55:10', '2021-11-19 15:55:10', 9),
(301, '79833.13886260', '39208.29676600', '2021-11-19 15:55:11', '2021-11-19 15:55:11', 10),
(302, '4072.58000242', '4031.36747647', '2021-11-19 15:55:12', '2021-11-19 15:55:12', 11),
(303, '56291.14720210', '55770.73662092', '2021-11-19 15:55:13', '2021-11-19 15:55:13', 12),
(304, '549.62887795', '546.45993948', '2021-11-19 16:10:03', '2021-11-19 16:10:03', 1),
(305, '0.99985868', '0.99414204', '2021-11-19 16:10:05', '2021-11-19 16:10:05', 2),
(306, '7.47285095', '7.42745223', '2021-11-19 16:10:06', '2021-11-19 16:10:06', 3),
(307, '551.35857841', '544.01755351', '2021-11-19 16:10:08', '2021-11-19 16:10:08', 4),
(308, '1.00315654', '0.99633702', '2021-11-19 16:10:09', '2021-11-19 16:10:09', 5),
(309, '7.66774012', '7.19217632', '2021-11-19 16:10:11', '2021-11-19 16:10:11', 6),
(310, '0.00977981', '0.00971695', '2021-11-19 16:10:12', '2021-11-19 16:10:12', 7),
(311, '0.01009573', '0.00943864', '2021-11-19 16:10:13', '2021-11-19 16:10:13', 8),
(312, '4539.44415135', '3655.92429745', '2021-11-19 16:10:15', '2021-11-19 16:10:15', 9),
(313, '80076.39036142', '39309.41901480', '2021-11-19 16:10:16', '2021-11-19 16:10:16', 10),
(314, '4092.35747812', '4050.94540475', '2021-11-19 16:10:17', '2021-11-19 16:10:17', 11),
(315, '56332.71356258', '55811.79752577', '2021-11-19 16:10:19', '2021-11-19 16:10:19', 12),
(316, '551.40972374', '548.23029593', '2021-11-19 16:15:01', '2021-11-19 16:15:01', 1),
(317, '1.00195076', '0.99622129', '2021-11-19 16:15:03', '2021-11-19 16:15:03', 2),
(318, '7.47303450', '7.42764183', '2021-11-19 16:15:04', '2021-11-19 16:15:04', 3),
(319, '552.77571363', '545.41347045', '2021-11-19 16:15:06', '2021-11-19 16:15:06', 4),
(320, '1.00316417', '0.99634364', '2021-11-19 16:15:07', '2021-11-19 16:15:07', 5),
(321, '7.66776831', '7.19251435', '2021-11-19 16:15:09', '2021-11-19 16:15:09', 6),
(322, '0.00978171', '0.00971884', '2021-11-19 16:15:10', '2021-11-19 16:15:10', 7),
(323, '0.01009563', '0.00943860', '2021-11-19 16:15:11', '2021-11-19 16:15:11', 8),
(324, '4559.14659430', '3672.01201930', '2021-11-19 16:15:11', '2021-11-19 16:15:11', 9),
(325, '80172.77031229', '39348.02668368', '2021-11-19 16:15:13', '2021-11-19 16:15:13', 10),
(326, '4103.68201834', '4062.16033227', '2021-11-19 16:15:16', '2021-11-19 16:15:16', 11),
(327, '56541.65888687', '56018.71935472', '2021-11-19 16:15:17', '2021-11-19 16:15:17', 12),
(328, '560.76736458', '557.53456716', '2021-11-19 16:30:02', '2021-11-19 16:30:02', 1),
(329, '1.00244846', '0.99671884', '2021-11-19 16:30:05', '2021-11-19 16:30:05', 2),
(330, '7.46676589', '7.42142646', '2021-11-19 16:30:06', '2021-11-19 16:30:06', 3),
(331, '562.15504934', '554.67522060', '2021-11-19 16:30:07', '2021-11-19 16:30:07', 4),
(332, '1.00319623', '0.99637849', '2021-11-19 16:30:08', '2021-11-19 16:30:08', 5),
(333, '7.68314222', '7.20770791', '2021-11-19 16:30:10', '2021-11-19 16:30:10', 6),
(334, '0.00979142', '0.00972850', '2021-11-19 16:30:10', '2021-11-19 16:30:10', 7),
(335, '0.01010588', '0.00944887', '2021-11-19 16:30:12', '2021-11-19 16:30:12', 8),
(336, '4641.33286619', '3740.98358634', '2021-11-19 16:30:13', '2021-11-19 16:30:13', 9),
(337, '81364.13459526', '40005.71245055', '2021-11-19 16:30:15', '2021-11-19 16:30:15', 10),
(338, '4162.91500964', '4120.85518534', '2021-11-19 16:30:17', '2021-11-19 16:30:17', 11),
(339, '57448.00496156', '56917.25002685', '2021-11-19 16:30:19', '2021-11-19 16:30:19', 12);

-- --------------------------------------------------------

--
-- Stand-in structure for view `view_innerjoin_coins_base`
-- (See below for the actual view)
--
CREATE TABLE `view_innerjoin_coins_base` (
`id` int(11)
,`pair_id` int(11)
,`dex_id` int(11)
,`base_coin_id` int(11)
,`quote_coin_id` int(11)
,`exchange` varchar(60)
,`coin` varchar(60)
,`slug` varchar(30)
,`address` varchar(50)
);

-- --------------------------------------------------------

--
-- Structure for view `pair_to_dex_join_exchange`
--
DROP TABLE IF EXISTS `pair_to_dex_join_exchange`;

CREATE ALGORITHM=UNDEFINED DEFINER=`root`@`localhost` SQL SECURITY DEFINER VIEW `pair_to_dex_join_exchange`  AS SELECT `pair_to_dex`.`id` AS `id`, `pair_to_dex`.`pair_id` AS `pair_id`, `pair_to_dex`.`dex_id` AS `dex_id`, `pairs`.`base_coin_id` AS `base_coin_id`, `pairs`.`quote_coin_id` AS `quote_coin_id`, `dex`.`exchange` AS `exchange` FROM ((`pair_to_dex` join `pairs` on((`pair_to_dex`.`pair_id` = `pairs`.`id`))) join `dex` on((`pair_to_dex`.`dex_id` = `dex`.`id`))) ;

-- --------------------------------------------------------

--
-- Structure for view `view_innerjoin_coins_base`
--
DROP TABLE IF EXISTS `view_innerjoin_coins_base`;

CREATE ALGORITHM=UNDEFINED DEFINER=`root`@`localhost` SQL SECURITY DEFINER VIEW `view_innerjoin_coins_base`  AS SELECT `pair_to_dex_join_exchange`.`id` AS `id`, `pair_to_dex_join_exchange`.`pair_id` AS `pair_id`, `pair_to_dex_join_exchange`.`dex_id` AS `dex_id`, `pair_to_dex_join_exchange`.`base_coin_id` AS `base_coin_id`, `pair_to_dex_join_exchange`.`quote_coin_id` AS `quote_coin_id`, `pair_to_dex_join_exchange`.`exchange` AS `exchange`, `coins`.`coin` AS `coin`, `coins`.`slug` AS `slug`, `coins`.`address` AS `address` FROM (`pair_to_dex_join_exchange` join `coins` on((`pair_to_dex_join_exchange`.`base_coin_id` = `coins`.`id`))) ;

--
-- Indexes for dumped tables
--

--
-- Indexes for table `coins`
--
ALTER TABLE `coins`
  ADD PRIMARY KEY (`id`);

--
-- Indexes for table `compare_mapping`
--
ALTER TABLE `compare_mapping`
  ADD PRIMARY KEY (`id`),
  ADD KEY `pair_dex_one` (`pair_dex_one`),
  ADD KEY `pair_dex_two` (`pair_dex_two`);

--
-- Indexes for table `compare_prices`
--
ALTER TABLE `compare_prices`
  ADD PRIMARY KEY (`id`);

--
-- Indexes for table `dex`
--
ALTER TABLE `dex`
  ADD PRIMARY KEY (`id`);

--
-- Indexes for table `pairs`
--
ALTER TABLE `pairs`
  ADD PRIMARY KEY (`id`),
  ADD KEY `base_coin_id` (`base_coin_id`),
  ADD KEY `quote_coin_id` (`quote_coin_id`);

--
-- Indexes for table `pair_to_dex`
--
ALTER TABLE `pair_to_dex`
  ADD PRIMARY KEY (`id`),
  ADD KEY `pair_id` (`pair_id`),
  ADD KEY `dex_id` (`dex_id`);

--
-- Indexes for table `prices`
--
ALTER TABLE `prices`
  ADD PRIMARY KEY (`id`),
  ADD KEY `pair_dex_id` (`pair_dex_id`);

--
-- AUTO_INCREMENT for dumped tables
--

--
-- AUTO_INCREMENT for table `coins`
--
ALTER TABLE `coins`
  MODIFY `id` int(11) NOT NULL AUTO_INCREMENT, AUTO_INCREMENT=9;

--
-- AUTO_INCREMENT for table `compare_mapping`
--
ALTER TABLE `compare_mapping`
  MODIFY `id` int(11) NOT NULL AUTO_INCREMENT, AUTO_INCREMENT=49;

--
-- AUTO_INCREMENT for table `compare_prices`
--
ALTER TABLE `compare_prices`
  MODIFY `id` int(11) NOT NULL AUTO_INCREMENT, AUTO_INCREMENT=646;

--
-- AUTO_INCREMENT for table `dex`
--
ALTER TABLE `dex`
  MODIFY `id` int(11) NOT NULL AUTO_INCREMENT, AUTO_INCREMENT=7;

--
-- AUTO_INCREMENT for table `prices`
--
ALTER TABLE `prices`
  MODIFY `id` int(11) NOT NULL AUTO_INCREMENT, AUTO_INCREMENT=340;

--
-- Constraints for dumped tables
--

--
-- Constraints for table `compare_mapping`
--
ALTER TABLE `compare_mapping`
  ADD CONSTRAINT `compare_mapping_ibfk_1` FOREIGN KEY (`pair_dex_one`) REFERENCES `pair_to_dex` (`id`) ON DELETE NO ACTION ON UPDATE CASCADE,
  ADD CONSTRAINT `compare_mapping_ibfk_2` FOREIGN KEY (`pair_dex_two`) REFERENCES `pair_to_dex` (`id`) ON DELETE NO ACTION ON UPDATE CASCADE;

--
-- Constraints for table `pairs`
--
ALTER TABLE `pairs`
  ADD CONSTRAINT `pairs_ibfk_1` FOREIGN KEY (`base_coin_id`) REFERENCES `coins` (`id`) ON DELETE NO ACTION ON UPDATE CASCADE,
  ADD CONSTRAINT `pairs_ibfk_2` FOREIGN KEY (`quote_coin_id`) REFERENCES `coins` (`id`) ON DELETE NO ACTION ON UPDATE CASCADE;

--
-- Constraints for table `pair_to_dex`
--
ALTER TABLE `pair_to_dex`
  ADD CONSTRAINT `pair_to_dex_ibfk_1` FOREIGN KEY (`pair_id`) REFERENCES `pairs` (`id`) ON DELETE NO ACTION ON UPDATE CASCADE,
  ADD CONSTRAINT `pair_to_dex_ibfk_2` FOREIGN KEY (`dex_id`) REFERENCES `dex` (`id`) ON DELETE NO ACTION ON UPDATE CASCADE;

--
-- Constraints for table `prices`
--
ALTER TABLE `prices`
  ADD CONSTRAINT `prices_ibfk_1` FOREIGN KEY (`pair_dex_id`) REFERENCES `pair_to_dex` (`id`) ON DELETE NO ACTION ON UPDATE CASCADE;
COMMIT;

/*!40101 SET CHARACTER_SET_CLIENT=@OLD_CHARACTER_SET_CLIENT */;
/*!40101 SET CHARACTER_SET_RESULTS=@OLD_CHARACTER_SET_RESULTS */;
/*!40101 SET COLLATION_CONNECTION=@OLD_COLLATION_CONNECTION */;
